Date,Open,High,Low,Close,Volume,pltInf,Close
1/6/2000,562.25,562.400024,556.330017,556.52002,64734600,not_influenced,564.1075874
1/11/2000,550.23999,550.48999,543.5,543.5,74866100,not_influenced,551.2651884
1/13/2000,552.809998,553.599976,551.01001,551.01001,13284800,not_influenced,558.6498176
2/9/2000,562.619995,563.359985,561.140015,562.599976,32077900,not_influenced,568.8534514
2/10/2000,562.460022,562.590027,561.01001,561.02002,115274000,not_influenced,568.9213514
3/2/2000,537.119995,538.109985,533.700012,534.26001,17276400,not_influenced,541.3000501
3/9/2000,528.5,528.530029,524,524.549988,181932900,not_influenced,531.9648354
3/16/2000,518.929993,521.929993,518.929993,519.789978,54378000,not_influenced,526.5764017
4/5/2000,491.839996,497.019989,491.839996,495.829987,92883000,not_influenced,499.5010444
4/7/2000,494.380005,496.269989,493.76001,494.839996,123061000,not_influenced,501.4984458
4/27/2000,481.899994,481.899994,477.470001,477.709991,22250100,not_influenced,484.9218032
4/28/2000,477.899994,478.079987,476.519989,476.519989,20336300,not_influenced,483.9645255
5/9/2000,430.549988,439.649994,427.619995,439.540009,23282500,not_influenced,434.9323324
5/15/2000,445.049988,451.25,445.049988,450.390015,50577100,not_influenced,452.4769986
5/16/2000,450.670013,462.209991,450.670013,462.059998,21281400,not_influenced,458.0432058
5/19/2000,462.170013,470.450012,462.170013,468.839996,106322500,not_influenced,469.778619
5/23/2000,463.109985,464.320007,462.529999,464.089996,66561500,not_influenced,470.0448704
5/24/2000,464.769989,467.600006,464.769989,467.459991,117729100,not_influenced,472.4131818
5/26/2000,468.279999,469.230011,467.309998,468.640015,108264200,not_influenced,474.9378653
5/31/2000,475.98999,478.51001,475.109985,478.51001,139858500,not_influenced,482.8353555
6/12/2000,472.049988,473.48999,470.899994,473.140015,271156100,not_influenced,478.9262904
6/19/2000,480.26001,482.070007,478.399994,480.019989,90143500,not_influenced,486.0162493
6/20/2000,480.059998,485.540009,478.940002,484.769989,181835100,not_influenced,486.7763165
6/26/2000,498.200012,498.200012,495.559998,496.399994,91348600,not_influenced,503.2279806
6/27/2000,496.820007,498.410004,496.820007,497.190002,112193100,not_influenced,504.5412541
7/3/2000,513.549988,515.580017,507.75,507.75,174266600,not_influenced,515.6503004
7/19/2000,512.549988,513.51001,511.119995,511.26001,92119100,not_influenced,518.8341139
7/21/2000,508.769989,508.769989,507.23999,508.179993,48193600,not_influenced,514.8383779
7/24/2000,508.390015,509.450012,507.130005,508.799988,29687800,not_influenced,514.6839763
7/25/2000,509,509.769989,506.700012,507.640015,49406700,not_influenced,514.2997537
8/10/2000,505.559998,506.75,505.549988,505.549988,61641000,not_influenced,513.1756126
8/17/2000,497.869995,497.970001,495.609985,495.609985,58850300,not_influenced,503.2006591
8/30/2000,501.660004,501.660004,497.799988,497.799988,85288200,not_influenced,505.4599046
8/31/2000,497.579987,497.630005,496.480011,496.619995,19843400,not_influenced,503.9801999
9/1/2000,497.079987,497.140015,495.299988,496.859985,39659400,not_influenced,502.8440433
9/5/2000,498.649994,499.98999,497.910004,498.019989,64531600,not_influenced,505.5207662
9/28/2000,509.940002,515.369995,509.470001,515.369995,20792800,not_influenced,517.0094356
10/2/2000,523.450012,527.200012,523.450012,525.880005,14901400,not_influenced,531.0152078
10/3/2000,525.97998,526.440002,521.380005,521.47998,18199800,not_influenced,528.9471682
10/17/2000,507.190002,507.73999,505.630005,507.339996,81319000,not_influenced,513.3027546
10/20/2000,511.51001,512.289978,510.920013,511.630005,39354400,not_influenced,518.5078123
10/23/2000,511.630005,512.030029,509.730011,509.730011,59271100,not_influenced,517.3618883
11/3/2000,492.869995,493.660004,492.48999,493.100006,61532000,not_influenced,500.0781724
11/8/2000,493.48999,493.809998,492.380005,492.640015,57179400,not_influenced,499.9575011
11/13/2000,492.140015,492.670013,491.070007,491.089996,81117500,not_influenced,498.7008234
11/16/2000,487.399994,487.399994,484.609985,484.890015,101612100,not_influenced,492.2712527
12/7/2000,437.700012,438.790009,437.5,438.01001,12846000,not_influenced,444.8155937
12/13/2000,442.369995,446.809998,442.350006,445.690002,54770800,not_influenced,449.7793242
12/14/2000,445.75,448.470001,445.589996,448.470001,55547500,not_influenced,453.0303896
12/18/2000,454.339996,454.450012,447.839996,447.839996,196154900,not_influenced,455.6218947
12/27/2000,449.519989,449.670013,447.470001,447.630005,16749500,not_influenced,454.8232827
12/29/2000,446.149994,447.859985,446.149994,447.570007,68802000,not_influenced,453.6235704
1/3/2001,447.709991,447.75,446.779999,446.839996,19430900,not_influenced,454.1377066
1/4/2001,446.839996,449.109985,446.390015,449.109985,21162100,not_influenced,453.7507381
1/22/2001,451.529999,451.700012,446.380005,446.450012,51366300,not_influenced,453.8126831
2/2/2001,440.839996,441.559998,440.480011,441.559998,37707500,not_influenced,447.8633395
3/1/2001,442.269989,442.670013,440.579987,441.179993,41637100,not_influenced,447.9729653
3/20/2001,432.76001,432.950012,432.369995,432.540009,47451000,not_influenced,439.7534549
3/23/2001,428.880005,428.880005,427.480011,428.410004,50321200,not_influenced,434.8563892
4/6/2001,419.839996,421.429993,419.73999,420.940002,47311700,not_influenced,427.0871597
4/19/2001,424.230011,424.320007,419.519989,419.690002,142378800,not_influenced,427.0930988
4/30/2001,416.75,417.380005,416.670013,416.690002,27444100,not_influenced,423.9610934
5/2/2001,416.420013,417.070007,416.420013,416.76001,34838500,not_influenced,423.7280042
5/15/2001,416.25,417.73999,416.25,417.01001,226732600,not_influenced,424.0148341
5/21/2001,415.929993,416.670013,415.769989,415.910004,46009400,not_influenced,423.1027523
5/30/2001,421.429993,423.070007,421.429993,422.970001,51884400,not_influenced,428.792872
6/1/2001,422.190002,422.220001,419.959991,421.700012,518206000,not_influenced,428.4300347
6/13/2001,418.630005,418.630005,417.920013,418.529999,56512200,not_influenced,425.2839281
6/26/2001,428.51001,428.980011,426.359985,426.420013,1074107200,not_influenced,436.1730879
6/27/2001,426.119995,426.980011,425.519989,426.410004,66308800,not_influenced,432.928889
7/16/2001,422.73999,424.049988,421.98999,424.049988,324800,not_influenced,429.2315852
7/25/2001,417.920013,418.230011,417.5,417.829987,258000,not_influenced,424.7286528
8/27/2001,388.640015,390.390015,388.640015,390.109985,4558200,not_influenced,395.7967505
8/29/2001,391.329987,399.179993,391.329987,399.140015,9105000,not_influenced,398.505217
9/17/2001,409.880005,410.519989,408.26001,408.570007,0,not_influenced,415.4617412
9/25/2001,398.809998,401.48999,398.529999,400.769989,692800,not_influenced,405.7056796
10/4/2001,402.619995,403.279999,401.179993,401.179993,1447400,not_influenced,408.3650166
10/5/2001,401.369995,401.920013,400.630005,401.859985,1250400,not_influenced,407.8129933
10/11/2001,436.480011,459.070007,436.480011,459.070007,8867800,not_influenced,443.7832198
10/24/2001,501.890015,509.309998,501.890015,502.880005,5435600,not_influenced,509.3712693
10/25/2001,504.48999,504.48999,497.970001,499.070007,2325000,not_influenced,505.4326816
11/1/2001,504.98999,505.059998,495.98999,497.209991,2510000,not_influenced,503.4474743
11/12/2001,493.720001,498.070007,493.369995,493.480011,2522200,not_influenced,500.8200492
11/14/2001,490.380005,497.579987,490.380005,497.579987,3025200,not_influenced,497.8227453
11/15/2001,497.730011,504.029999,497.730011,503.399994,7993000,not_influenced,505.2055165
11/26/2001,534.190002,534.190002,529.929993,530.25,3338000,not_influenced,537.4860794
12/3/2001,538.710022,540.960022,534.890015,535.98999,8211000,not_influenced,542.4718362
12/5/2001,526.98999,536.669983,526.98999,535.72998,5137200,not_influenced,534.5419939
12/19/2001,603.780029,603.890015,580.27002,580.599976,4539400,not_influenced,587.9722899
12/21/2001,591.469971,594.859985,591.030029,593.530029,7425800,not_influenced,598.7698121
12/28/2001,607.809998,618.549988,607.409973,618.080017,9084800,not_influenced,615.2003443
1/3/2002,610.929993,613.460022,609.320007,611.890015,2847800,not_influenced,617.100952
1/15/2002,577.849976,577.849976,561.090027,566.51001,5849400,not_influenced,568.7408126
1/17/2002,563.98999,563.98999,548.659973,549.460022,2559600,not_influenced,556.2675294
1/23/2002,561.77002,562.98999,557.47998,558.219971,2090000,not_influenced,565.1115281
2/1/2002,562.419983,564.880005,562.219971,564.330017,2573800,not_influenced,569.8661671
2/15/2002,582.130005,589.340027,582.130005,589.340027,8558400,not_influenced,589.8471485
2/22/2002,585.119995,602.169983,585.119995,602.159973,8638600,not_influenced,592.8458423
2/26/2002,608.919983,609.51001,604.030029,604.030029,10941000,not_influenced,611.8152012
3/8/2002,607.119995,608.549988,606.929993,607.559998,8670400,not_influenced,614.7180101
3/13/2002,608.22998,615.330017,608.22998,614.950012,3858600,not_influenced,616.0102307
3/26/2002,637.799988,638.150024,625.719971,625.950012,2481400,not_influenced,633.5467343
3/27/2002,625.780029,625.919983,614.690002,617.380005,4199200,not_influenced,622.4894564
4/1/2002,617.76001,617.969971,609.460022,611.22998,1174800,not_influenced,617.2373785
4/16/2002,609.679993,610.22998,608.190002,608.190002,1762000,not_influenced,615.9651422
4/19/2002,616.530029,617.700012,614.460022,614.460022,1694000,not_influenced,622.2528511
4/29/2002,610.02002,613.580017,610.02002,613.460022,3434600,not_influenced,617.8043565
5/2/2002,617.200012,617.929993,615.869995,616.059998,2801600,not_influenced,623.6694781
5/22/2002,647.299988,657.809998,647.299988,657.809998,5704000,not_influenced,655.1958707
6/6/2002,721.619995,738.940002,721.619995,738.940002,9436000,not_influenced,729.7363643
6/10/2002,731.789978,734.52002,728.549988,734.52002,6392600,not_influenced,736.6788342
6/11/2002,731.460022,733.940002,722.650024,722.940002,2807000,not_influenced,730.7535275
6/18/2002,726.090027,726.559998,717.650024,718.669983,2912800,not_influenced,725.7395444
6/25/2002,719.73999,722.23999,719.609985,721.380005,4518800,not_influenced,727.7089129
7/1/2002,711.380005,717.97998,711.380005,716.929993,5659000,not_influenced,719.4582192
7/16/2002,714.700012,714.929993,711,714.929993,2034600,not_influenced,719.0684945
7/18/2002,714.780029,714.97998,712.47998,713.400024,3227800,not_influenced,720.5555318
7/19/2002,713.679993,717.52002,713.599976,716.390015,2011400,not_influenced,721.6758175
7/25/2002,719.880005,722.26001,719.369995,720.02002,1340000,not_influenced,727.4606639
7/29/2002,712.98999,713.309998,708.070007,708.559998,1581800,not_influenced,716.1290806
8/16/2002,701.880005,703.98999,700.27002,703.570007,2555000,not_influenced,708.309206
8/29/2002,732.159973,732.299988,729.119995,730.409973,4068600,not_influenced,737.2449254
9/4/2002,744.469971,760.48999,744.469971,760.48999,4589800,not_influenced,752.6398457
9/12/2002,778.950012,785.820007,778.630005,785.820007,5921400,not_influenced,786.9003083
9/16/2002,797.840027,807.52002,797.840027,807.299988,10579800,not_influenced,806.1761241
9/17/2002,809.630005,822.429993,809.630005,818.419983,14012400,not_influenced,818.0078494
9/18/2002,821.469971,830.76001,821.469971,830.059998,25504200,not_influenced,829.9089119
9/27/2002,860.599976,862.119995,851.830017,856.960022,13611000,not_influenced,860.3270501
10/8/2002,818.710022,824.77002,816.929993,824.77002,6169200,not_influenced,825.3099287
10/11/2002,822.119995,824.929993,820.419983,822.390015,4631800,not_influenced,828.8061908
10/21/2002,766.76001,766.76001,738.47998,744.150024,7486200,not_influenced,746.6397037
10/24/2002,786.630005,787.830017,784.030029,785.179993,6796800,not_influenced,792.3177927
11/22/2002,792.75,804.01001,792.700012,803.900024,1944800,not_influenced,801.0008961
11/27/2002,805.799988,808.22998,805.76001,807.359985,1015200,not_influenced,814.0958611
12/9/2002,789.710022,790.159973,788.679993,788.820007,2612400,not_influenced,796.971023
12/11/2002,787.609985,788.969971,785.559998,785.559998,2675600,not_influenced,793.8422958
12/17/2002,781.27002,782.090027,779.780029,780.390015,859600,not_influenced,788.0415431
12/18/2002,780.349976,786.47998,779.929993,786.47998,1566200,not_influenced,788.193618
12/24/2002,798.26001,801.25,797.969971,800.619995,7673800,not_influenced,806.2995124
12/30/2002,811.169983,814.159973,810.530029,814.02002,1259000,not_influenced,818.8800416
1/16/2003,841.97998,842.059998,837.640015,838.659973,4602200,not_influenced,846.0751785
2/7/2003,795.280029,796.23999,793.090027,793.549988,1253200,not_influenced,801.3903733
2/11/2003,785.210022,785.210022,782.679993,782.940002,5037400,not_influenced,790.95972
2/14/2003,775.340027,775.380005,771.140015,772.140015,2696400,not_influenced,779.3813081
2/27/2003,740.26001,746.940002,739.97998,746.27002,5695800,not_influenced,748.1397073
3/3/2003,748.539978,748.650024,744.390015,746.070007,831800,not_influenced,752.5507058
3/21/2003,716.440002,718.469971,712.590027,715.549988,975000,not_influenced,720.6605231
3/25/2003,713.710022,716.25,710.169983,712.609985,761200,not_influenced,718.2330796
4/23/2003,805.140015,817.570007,805.140015,814.969971,5183400,not_influenced,813.4840347
4/24/2003,814.960022,819.340027,814.619995,814.619995,8876600,not_influenced,822.9998063
4/28/2003,817.799988,823.97998,816.909973,823.150024,2961600,not_influenced,825.2822072
5/6/2003,829.26001,840.659973,829.26001,839.330017,5195200,not_influenced,837.6727285
5/13/2003,844.289978,846.97998,843.130005,844.849976,8718800,not_influenced,851.5906095
5/21/2003,847.619995,851.780029,847.530029,848.049988,3353000,not_influenced,855.9903727
6/13/2003,919.049988,938.27002,919.049988,938.27002,8295800,not_influenced,927.725732
6/23/2003,994.98999,1040.040039,994.320007,1036.160034,21190600,not_influenced,1003.240779
6/25/2003,1058.420044,1105.01001,1058.420044,1100.130005,38281000,not_influenced,1067.564042
6/30/2003,1051.430054,1063.069946,1042.900024,1048.910034,3717800,not_influenced,1051.917464
7/17/2003,1019.52002,1027.589966,1015.77002,1015.900024,4089800,not_influenced,1024.711106
7/18/2003,1015.900024,1018.299988,1004.47998,1014.869995,2556400,not_influenced,1013.385269
7/22/2003,1020.359985,1030.98999,1020.309998,1029.52002,5459000,not_influenced,1029.267273
7/31/2003,1051.119995,1051.119995,1045.319946,1045.800049,3540600,not_influenced,1054.343854
8/7/2003,1034.52002,1040.75,1034.5,1038.939941,4093800,not_influenced,1043.494421
8/22/2003,1091.369995,1093.650024,1087.119995,1088.060059,6231200,not_influenced,1096.269322
8/25/2003,1088.050049,1088.939941,1083.630005,1085.699951,8895000,not_influenced,1092.775744
8/28/2003,1077.630005,1082.829956,1076.829956,1081.089966,7494000,not_influenced,1085.952996
8/29/2003,1081.089966,1087.050049,1080.530029,1082.569946,5455800,not_influenced,1089.658746
9/5/2003,1117.849976,1128.280029,1114.579956,1116.579956,18134000,not_influenced,1123.835829
9/18/2003,1161.199951,1173.27002,1161.180054,1167.670044,12362800,not_influenced,1170.554846
9/23/2003,1252.01001,1264.099976,1244.430054,1254.439941,38257800,not_influenced,1254.103576
9/24/2003,1254.430054,1285.420044,1254.430054,1281.380005,27983800,not_influenced,1264.107561
10/1/2003,1292.410034,1304.829956,1292.410034,1297.170044,24638800,not_influenced,1302.1877
10/3/2003,1300.359985,1332.150024,1300.359985,1326.439941,36348600,not_influenced,1310.188192
10/22/2003,1392.410034,1399.170044,1387.23999,1392.579956,16375800,not_influenced,1397.267949
10/28/2003,1421.349976,1428.689941,1415.719971,1417.52002,16347000,not_influenced,1425.828945
10/29/2003,1417.52002,1422.219971,1402.939941,1405.650024,9308600,not_influenced,1412.995755
11/3/2003,1416.369995,1416.369995,1398.390015,1405.089966,433331600,not_influenced,1409.443418
11/12/2003,1184.709961,1228.880005,1184.709961,1221.089966,9996200,not_influenced,1194.146103
11/20/2003,1257.310059,1260.650024,1227.72998,1234.709961,7242000,not_influenced,1237.282038
11/21/2003,1234.709961,1250.579956,1234.660034,1241.290039,4241800,not_influenced,1244.224672
12/12/2003,1120.01001,1130.420044,1114.089966,1125.869995,2962600,not_influenced,1123.308287
12/15/2003,1125.859985,1127.680054,1103.540039,1106.02002,2790600,not_influenced,1112.727914
12/17/2003,1076.109985,1084.819946,1037.660034,1040.339966,5353000,not_influenced,1046.666453
12/22/2003,1052.209961,1053.790039,1040.540039,1050.77002,1622200,not_influenced,1049.545766
1/8/2004,1134.27002,1167.47998,1110.22998,1155.109985,10080400,not_influenced,1119.454275
1/13/2004,1161.420044,1178.849976,1161.25,1173.209961,6974400,not_influenced,1170.612149
1/14/2004,1173.209961,1183.209961,1170.930054,1178.439941,5512000,not_influenced,1180.316277
1/16/2004,1178.439941,1178.439941,1138.540039,1140.890015,5643400,not_influenced,1147.83436
1/21/2004,1094.719971,1121.709961,1094.619995,1116.420044,3860000,not_influenced,1103.785023
1/26/2004,1116.839966,1187.849976,1116.839966,1180.949951,14594400,not_influenced,1126.093838
2/3/2004,1211.109985,1211.109985,1162.699951,1162.699951,6610200,not_influenced,1172.06536
2/12/2004,1088.160034,1088.160034,1088.160034,1088.160034,8930000,not_influenced,1097.318753
2/20/2004,1142.550049,1156.689941,1141.459961,1154.310059,7945200,not_influenced,1150.768081
2/23/2004,1154.300049,1187.099976,1154.300049,1185.619995,5521400,not_influenced,1163.638949
2/24/2004,1185.839966,1203,1185.839966,1198.939941,6451400,not_influenced,1195.270877
2/27/2004,1213.459961,1226.910034,1213.449951,1224.920044,10239600,not_influenced,1222.968497
3/2/2004,1223.310059,1228.079956,1219.359985,1227.76001,2489400,not_influenced,1228.876887
3/5/2004,1211.97998,1242.52002,1200.790039,1237.319946,5196400,not_influenced,1210.260523
3/9/2004,1218.660034,1235.540039,1218.599976,1231.859985,4931000,not_influenced,1228.120533
4/8/2004,1196.469971,1220.339966,1196.469971,1213.48999,10932800,influenced,1207.859532
4/15/2004,1220.310059,1224.420044,1219.589966,1219.869995,2728000,influenced,1231.025797
4/19/2004,1218.630005,1219.800049,1205.47998,1208.859985,2759200,influenced,1216.875714
5/10/2004,1226.969971,1235.680054,1226.819946,1233.890015,5772000,influenced,1238.283616
5/13/2004,1283.959961,1289.219971,1256.680054,1283.959961,22122800,influenced,1268.267705
5/14/2004,1283.959961,1324.199951,1283.959961,1321.189941,20221000,influenced,1295.620746
5/21/2004,1303.290039,1330.689941,1303.290039,1321.680054,12749400,influenced,1314.988051
5/25/2004,1330.97998,1335.689941,1315.680054,1318.079956,6102800,not_influenced,1325.479795
5/28/2004,1314.800049,1325.079956,1314.800049,1316.819946,9004000,not_influenced,1324.604199
6/17/2004,1303.810059,1312.189941,1303.5,1308.310059,8693800,not_influenced,1313.271239
7/6/2004,1373.300049,1377.680054,1358.290039,1360.189941,8183600,not_influenced,1368.216052
7/7/2004,1360.189941,1370.060059,1327.810059,1339.48999,18217800,not_influenced,1337.673208
7/16/2004,1406.119995,1410.119995,1396.609985,1396.609985,16580800,not_influenced,1406.665109
8/5/2004,1460.300049,1469.050049,1438.949951,1454.420044,23340200,not_influenced,1449.141728
8/19/2004,1406.930054,1411.540039,1386.77002,1386.77002,11716800,not_influenced,1396.785537
8/30/2004,1383.959961,1390.589966,1375.170044,1375.170044,3438200,not_influenced,1385.132806
9/8/2004,1415.060059,1417.5,1403.459961,1405.02002,5334600,not_influenced,1413.507785
9/10/2004,1405.030029,1420.459961,1370.430054,1413.369995,10181000,not_influenced,1380.39539
9/17/2004,1438.300049,1448.060059,1370.430054,1441.699951,12688200,not_influenced,1380.401365
9/22/2004,1449.5,1462.199951,1449.5,1457.290039,26885800,not_influenced,1459.730263
10/28/2004,1506.689941,1545.790039,1506.689941,1526.920044,11322800,not_influenced,1517.045936
10/29/2004,1530.099976,1538.880005,1528.459961,1534.410034,16140600,not_influenced,1538.889419
11/5/2004,1492.079956,1496.469971,1370.430054,1494.680054,12099600,not_influenced,1380.399963
11/9/2004,1461.189941,1468.920044,1370.430054,1463.27002,4847400,not_influenced,1380.382679
11/18/2004,1455.579956,1468.22998,1455.300049,1462.819946,12206000,not_influenced,1465.51184
11/23/2004,1479.060059,1485.949951,1475.829956,1479.380005,3705800,not_influenced,1486.079939
11/29/2004,1494.829956,1499.48999,1492.439941,1493.609985,1686800,not_influenced,1502.732401
12/1/2004,1499.410034,1502.859985,1489.47998,1489.47998,4530000,not_influenced,1499.770789
12/3/2004,1480.040039,1490.25,1462.819946,1487.890015,5876200,not_influenced,1473.038061
12/6/2004,1487.890015,1505.390015,1462.819946,1504.089966,9375400,not_influenced,1473.046401
12/21/2004,1539.359985,1544.77002,1539.25,1539.77002,3159800,not_influenced,1549.679241
1/11/2005,1568.109985,1568.849976,1506.890015,1562.050049,8384200,not_influenced,1517.239577
1/13/2005,1571.150024,1577.619995,1506.890015,1574.650024,15317000,not_influenced,1517.256099
1/20/2005,1589.670044,1610.689941,1589.670044,1605.699951,10420600,not_influenced,1600.260137
1/28/2005,1643.599976,1657.310059,1643.599976,1649.790039,10459600,not_influenced,1654.343703
1/31/2005,1649.790039,1654.819946,1648.430054,1650.719971,10085200,not_influenced,1659.18664
3/1/2005,1715.140015,1720.5,1712.060059,1714.069946,126367200,not_influenced,1723.274929
3/10/2005,1728.609985,1732.780029,1725.829956,1727.869995,34202800,not_influenced,1736.864381
3/15/2005,1723.719971,1735.780029,1723.719971,1728.859985,35941800,not_influenced,1734.752533
3/21/2005,1731.069946,1744.540039,1731.069946,1736.51001,23074400,not_influenced,1742.092768
3/24/2005,1735.650024,1745.630005,1735.650024,1738.630005,24389400,not_influenced,1746.68902
3/29/2005,1726.469971,1736.439941,1726.319946,1731.560059,19326400,not_influenced,1737.320312
4/1/2005,1751.880005,1766.579956,1751.880005,1760.310059,18309800,not_influenced,1762.950719
4/5/2005,1768.079956,1780.589966,1751.880005,1768.420044,16245000,not_influenced,1762.945798
4/29/2005,1826.26001,1843.130005,1826.26001,1829.619995,39560600,not_influenced,1837.593133
5/4/2005,1837.290039,1866.640015,1837.290039,1864.459961,39871200,not_influenced,1848.655305
5/12/2005,1897.459961,1907.76001,1895.079956,1895.75,17111200,not_influenced,1906.55551
5/16/2005,1918.589966,1926.650024,1912.569946,1913.109985,16596200,not_influenced,1924.094068
5/17/2005,1913.109985,1934.310059,1902.709961,1902.900024,14164200,not_influenced,1914.200215
5/18/2005,1902.900024,1909.969971,1891.650024,1896.72998,20484200,not_influenced,1903.123852
5/25/2005,1929.02002,1935.930054,1921.369995,1925.170044,5224000,not_influenced,1932.892068
5/26/2005,1925.170044,1932.650024,1923.709961,1923.829956,12194800,not_influenced,1935.255309
6/9/2005,1871.319946,1877.52002,1852.380005,1863.319946,10506800,not_influenced,1863.718251
6/15/2005,1877.02002,1878.550049,1861.380005,1864.390015,9885800,not_influenced,1872.742394
6/17/2005,1863.079956,1881.339966,1858.599976,1878.550049,6960000,not_influenced,1869.947478
7/8/2005,1922.27002,1961.349976,1922.27002,1952.310059,13120200,not_influenced,1933.813474
7/12/2005,1949.829956,1960.189941,1949.51001,1955.380005,10319800,not_influenced,1961.124344
7/13/2005,1955.380005,1960.640015,1952.170044,1952.170044,13289400,not_influenced,1963.799028
7/15/2005,1924,1933.969971,1908.77002,1929.060059,11544600,not_influenced,1920.271284
7/25/2005,1936.140015,1954.599976,1933.920044,1947.969971,8080400,not_influenced,1945.484655
7/26/2005,1947.969971,1966.050049,1947.969971,1958.72998,13640000,not_influenced,1959.587833
8/2/2005,2055.540039,2068.889893,2053.77002,2065.169922,38550800,not_influenced,2065.748468
8/9/2005,2085.580078,2089.649902,2078.620117,2088.379883,35885600,not_influenced,2090.662962
8/11/2005,2098.72998,2140.879883,2092.77002,2130.149902,13173200,not_influenced,2104.799022
8/18/2005,2145.860107,2146,2130.360107,2134.899902,9480000,not_influenced,2142.487328
8/31/2005,2150.5,2162.02002,2145.02002,2145.02002,13392600,not_influenced,2157.198303
9/6/2005,2113.419922,2138.649902,2112.889893,2130.409912,14018000,not_influenced,2124.97819
9/8/2005,2130.080078,2150.149902,2130.080078,2148.870117,9201400,not_influenced,2142.205837
9/9/2005,2148.870117,2156.600098,2141.689941,2150.73999,14885800,not_influenced,2153.862301
9/16/2005,2237.52002,2250.48999,2233.5,2244.5,19195600,not_influenced,2245.944019
9/27/2005,2358.23999,2372.850098,2352.189941,2356.820068,13372000,not_influenced,2364.957997
9/29/2005,2376.030029,2402.219971,2376.030029,2399.370117,13184600,not_influenced,2388.865512
10/6/2005,2513.100098,2523.100098,2492.679932,2506.300049,24921000,not_influenced,2505.875493
10/13/2005,2467.850098,2491.040039,2463.560059,2478.949951,10895400,not_influenced,2476.639288
10/19/2005,2457.360107,2465.540039,2409,2419.459961,7168200,not_influenced,2421.915011
11/23/2005,2224.76001,2288.27002,2224.76001,2241.27002,33423800,not_influenced,2237.213055
11/25/2005,2217.139893,2225.199951,2193.97998,2206.570068,17164200,not_influenced,2206.306642
11/28/2005,2206.570068,2281.899902,2206.570068,2277.840088,19548200,not_influenced,2218.938257
11/30/2005,2299.030029,2321.540039,2285.189941,2292.459961,11707200,not_influenced,2297.763277
12/1/2005,2292.459961,2304.629883,2265.090088,2270.370117,17309000,not_influenced,2277.619549
12/7/2005,2056.949951,2125.379883,2056.949951,2093,8560200,not_influenced,2068.865978
12/8/2005,2093,2114.52002,2088.659912,2108.580078,7826000,not_influenced,2100.664468
12/14/2005,2178.5,2183.840088,2158.909912,2162.570068,6564400,not_influenced,2171.111467
12/20/2005,2121.919922,2128.860107,2068.310059,2071.790039,10226400,not_influenced,2080.262399
12/21/2005,2071.790039,2087.419922,2067.080078,2081.389893,5280400,not_influenced,2079.017129
12/23/2005,2037.48999,2049.709961,2033.219971,2033.310059,3061000,not_influenced,2045.055331
12/29/2005,1819.150024,1903.410034,1819.119995,1887.319946,18715200,not_influenced,1830.383111
1/3/2006,1948.689941,2017.900024,1948.359985,1983.77002,9407800,not_influenced,1959.968871
1/24/2006,1938.689941,1957.72998,1918.810059,1948.469971,8842200,not_influenced,1930.333467
1/26/2006,1968.890015,2128.22998,1968.890015,2117.97998,50303600,not_influenced,1980.654815
1/30/2006,2103.959961,2132.399902,2103.959961,2116.149902,6466400,not_influenced,2116.004837
1/31/2006,2116.149902,2149.370117,2116.149902,2138.969971,15109200,not_influenced,2128.250081
2/10/2006,2139.340088,2159.77002,2132.679932,2147.610107,4030400,not_influenced,2144.80077
2/13/2006,2147.610107,2170.909912,2143.969971,2159.25,9934600,not_influenced,2156.137023
3/10/2006,2260.570068,2271.689941,2254.399902,2255.389893,19371600,not_influenced,2266.903843
3/16/2006,2243.620117,2262.100098,2243.620117,2252.72998,13073400,not_influenced,2256.078358
3/28/2006,2231.179932,2255.110107,2231.179932,2249.120117,15375600,not_influenced,2243.608242
4/5/2006,2302.810059,2330.699951,2302.810059,2325.22998,26211800,not_influenced,2315.468128
4/7/2006,2343.889893,2372.26001,2343.860107,2357.840088,8388600,not_influenced,2356.592571
4/17/2006,2384.879883,2398.570068,2285.810059,2286.879883,9032800,not_influenced,2298.378787
4/18/2006,2286.879883,2350.27002,2286.560059,2336.179932,6638400,not_influenced,2299.125216
5/9/2006,2261.300049,2276.25,2255.429932,2256.899902,16637200,not_influenced,2267.930289
5/10/2006,2256.899902,2262.330078,2235.5,2235.5,9031400,not_influenced,2247.92549
5/15/2006,2235.5,2235.5,2164.330078,2182.959961,947200,not_influenced,2176.533677
5/16/2006,2182.959961,2198.330078,2182.959961,2185.419922,6053400,not_influenced,2195.228769
5/17/2006,2185.419922,2208.540039,2185.419922,2205.189941,6038200,not_influenced,2197.695698
5/23/2006,2219.72998,2232.659912,2218.469971,2218.469971,3863800,not_influenced,2230.83466
6/2/2006,2208.300049,2255.850098,2207.860107,2247.75,10348000,not_influenced,2220.210042
6/9/2006,2237.030029,2244.590088,2221.030029,2221.030029,14072200,not_influenced,2233.426335
6/12/2006,2221.030029,2235.070068,2221.030029,2222.120117,9083800,not_influenced,2233.414447
6/15/2006,2170.340088,2180.719971,2098.73999,2106.639893,23400600,not_influenced,2110.810363
6/19/2006,2130.149902,2138.530029,2105.77002,2105.77002,14231800,not_influenced,2117.838556
6/20/2006,2105.77002,2135.98999,2058.419922,2062.22998,15818600,not_influenced,2070.357432
6/21/2006,2062.22998,2100.419922,2062.22998,2091.27002,5143200,not_influenced,2074.152896
6/22/2006,2091.27002,2118.929932,2091.27002,2113.959961,14968400,not_influenced,2103.29903
6/27/2006,2114.72998,2128.52002,2114.72998,2117.909912,6940400,not_influenced,2126.806649
6/28/2006,2117.919922,2128.290039,2106.689941,2109.860107,8713200,not_influenced,2118.747944
6/30/2006,2112.25,2127.48999,2111.850098,2114.370117,13124400,not_influenced,2123.933305
7/6/2006,2113.399902,2124.879883,2113.399902,2116.149902,17250000,not_influenced,2125.497354
7/7/2006,2116.149902,2129.709961,2116.149902,2117.219971,23048200,not_influenced,2128.269002
7/20/2006,2154.820068,2178.830078,2154.820068,2166.949951,40629000,not_influenced,2167.091162
7/21/2006,2166.949951,2198.179932,2166.949951,2187.540039,11771600,not_influenced,2179.186806
7/24/2006,2187.540039,2200.149902,2184.909912,2185.47998,15791400,not_influenced,2197.20748
7/26/2006,2188.649902,2225.840088,2188.649902,2211.02002,87782200,not_influenced,2201.129688
7/27/2006,2211.02002,2236.120117,2208.870117,2219.310059,23860800,not_influenced,2221.255132
7/28/2006,2219.699951,2238.780029,2213.939941,2226.590088,30733800,not_influenced,2226.35577
7/31/2006,2226.590088,2235.120117,2186.070068,2196.01001,25335200,not_influenced,2198.393684
8/7/2006,2205.669922,2214.530029,2192.97998,2206.139893,7322000,not_influenced,2205.280339
8/29/2006,2154.790039,2160.280029,2142.610107,2151.97998,11484000,not_influenced,2154.77698
9/5/2006,2211.080078,2225.76001,2211.080078,2218.040039,8893400,not_influenced,2223.435714
9/12/2006,2240.379883,2261.580078,2240.379883,2248.820068,10751600,not_influenced,2252.823365
9/14/2006,2309.780029,2337.800049,2309.780029,2321.570068,25758200,not_influenced,2322.456861
9/19/2006,2336.51001,2343.560059,2326.23999,2326.23999,9158400,not_influenced,2338.924123
9/25/2006,2329.179932,2331.72998,2320.27002,2320.27002,9964200,not_influenced,2332.939077
10/9/2006,2455.26001,2486.610107,2455.26001,2475.860107,20668000,not_influenced,2468.338899
10/10/2006,2475.860107,2491.429932,2467.149902,2473.090088,15220600,not_influenced,2480.249659
10/11/2006,2473.090088,2487.040039,2457.350098,2457.350098,17440400,not_influenced,2470.427245
10/30/2006,2503.169922,2509.590088,2474.300049,2474.300049,15320600,not_influenced,2487.420402
11/1/2006,2454.25,2486.72998,2454.25,2476.780029,34543000,not_influenced,2467.359081
11/6/2006,2516,2530.120117,2516,2517.379883,24929000,not_influenced,2529.261973
11/7/2006,2517.379883,2542.580078,2517.379883,2533.209961,51533400,not_influenced,2530.709189
11/15/2006,2619.370117,2677.23999,2619.370117,2667.459961,90351800,not_influenced,2633.082307
12/7/2006,2770.47998,2791.23999,2770.47998,2777.75,10610200,not_influenced,2784.432344
12/18/2006,2722.189941,2733,2711.699951,2715.179932,3419000,not_influenced,2725.467828
12/19/2006,2715.179932,2722.219971,2709.77002,2711.77002,2898600,not_influenced,2723.531162
12/20/2006,2711.77002,2720.02002,2710.01001,2716.929932,4649000,not_influenced,2723.776007
12/21/2006,2716.929932,2720.290039,2710.139893,2716.389893,3611000,not_influenced,2723.903786
1/23/2007,2921.389893,2935.399902,2906.01001,2906.01001,22467400,not_influenced,2920.376493
1/24/2007,2907.159912,2915.080078,2907.159912,2909.540039,15363600,not_influenced,2921.512739
2/8/2007,2951.22998,2961.199951,2951.22998,2961.199951,16062600,not_influenced,2965.709942
2/15/2007,3010.669922,3011.169922,3010.669922,3011.169922,16078600,not_influenced,3025.31915
2/27/2007,3012.320068,3012.320068,2996.48999,2996.48999,11779200,not_influenced,3011.088601
3/7/2007,2913.590088,2913.590088,2907.5,2907.5,8748400,not_influenced,2921.838029
3/12/2007,2862.72998,2865.409912,2800.290039,2803.649902,13364600,not_influenced,2814.333838
3/23/2007,2866.610107,2866.610107,2862.73999,2862.73999,9506000,not_influenced,2876.952391
3/29/2007,2801.290039,2805.01001,2780.969971,2792.149902,4463600,not_influenced,2794.937552
3/30/2007,2792.149902,2801.060059,2766.709961,2789.810059,8935800,not_influenced,2780.647601
4/3/2007,2789.810059,2809.560059,2779.280029,2804,14318800,not_influenced,2793.266286
4/5/2007,2795.629883,2804.209961,2785.780029,2788.909912,7831000,not_influenced,2799.76933
4/17/2007,2839.790039,2856.919922,2838.75,2843.280029,4109800,not_influenced,2852.88124
4/30/2007,2824.639893,2825.659912,2795.669922,2811.290039,2111200,not_influenced,2809.673748
5/17/2007,2525.889893,2531.850098,2455.189941,2493.870117,250371200,not_influenced,2468.816065
5/22/2007,2612.560059,2613.97998,2583.780029,2591.320068,3390200,not_influenced,2597.183643
5/23/2007,2591.320068,2598.129883,2563.399902,2567,3026600,not_influenced,2576.744627
6/12/2007,2557.110107,2593.850098,2555.879883,2581.040039,66952000,not_influenced,2569.355546
7/2/2007,2572.199951,2585.820068,2561.560059,2563.290039,3837600,not_influenced,2574.901478
7/18/2007,2388.379883,2399.110107,2352.860107,2354.97998,2810200,not_influenced,2365.6049
7/19/2007,2354.97998,2384.959961,2336.780029,2365.77002,2288600,not_influenced,2349.477798
7/23/2007,2384.050049,2410.290039,2379.949951,2390.360107,1526000,not_influenced,2392.768809
8/1/2007,2442.110107,2447.389893,2424.949951,2429.830078,15979800,not_influenced,2437.931373
8/6/2007,2449.090088,2449.780029,2428.969971,2431.360107,4382600,not_influenced,2441.935199
8/30/2007,2489.969971,2494.699951,2467.649902,2482.01001,32599200,not_influenced,2480.7925
9/4/2007,2525.340088,2542.52002,2520.459961,2530.159912,15143000,not_influenced,2533.71131
9/18/2007,2637.159912,2637.75,2602.290039,2606.909912,6548200,not_influenced,2615.753878
9/20/2007,2588.620117,2595.080078,2571.600098,2574.030029,4524800,not_influenced,2584.971739
9/21/2007,2574.030029,2588.469971,2572.23999,2584.77002,3940200,not_influenced,2585.61206
10/11/2007,2563.75,2564.810059,2550.5,2562.469971,12557800,not_influenced,2563.830713
10/15/2007,2585.600098,2611.350098,2584.120117,2607.679932,9616400,not_influenced,2597.539538
10/17/2007,2617.040039,2621.469971,2598.280029,2605.870117,16025200,not_influenced,2611.755037
10/26/2007,2615.399902,2621.189941,2609.689941,2620.26001,7667200,not_influenced,2623.177515
10/30/2007,2614.72998,2616.679932,2592.840088,2608.830078,20240200,not_influenced,2606.309654
10/31/2007,2608.830078,2619.709961,2602.040039,2615.22998,14701600,not_influenced,2615.522598
11/12/2007,2619.459961,2637.689941,2619.459961,2631.429932,8412400,not_influenced,2632.977127
11/15/2007,2629.340088,2648.530029,2629.340088,2641.600098,20646000,not_influenced,2642.914538
11/20/2007,2610.429932,2627.709961,2582.870117,2590.120117,4932000,not_influenced,2596.274815
11/28/2007,2563.790039,2580.459961,2559.47998,2562.860107,5884600,not_influenced,2572.820356
1/7/2008,2510.399902,2518.23999,2477.72998,2488.550049,4759600,not_influenced,2490.834929
1/8/2008,2488.550049,2495.659912,2417.689941,2432.209961,7102800,not_influenced,2430.629537
1/9/2008,2432.209961,2441.580078,2403.429932,2403.429932,5258400,not_influenced,2416.324534
1/11/2008,2435.040039,2456.110107,2435.040039,2446.379883,3313000,not_influenced,2448.02
1/14/2008,2453.310059,2468.02002,2432.709961,2432.709961,3235400,not_influenced,2445.683103
1/16/2008,2432.709961,2438.98999,2382.159912,2382.159912,4442600,not_influenced,2394.992013
2/7/2008,2437.449951,2463,2437.449951,2454.889893,3300200,not_influenced,2450.436742
2/14/2008,2507.419922,2518.22998,2505.899902,2505.899902,5439400,not_influenced,2519.086672
2/29/2008,2539.939941,2546.560059,2530.860107,2530.860107,17991000,not_influenced,2544.147853
3/25/2008,2526.070068,2554.25,2526.070068,2545.780029,10992600,not_influenced,2539.327498
3/26/2008,2545.98999,2552.159912,2545.98999,2549.560059,13136000,not_influenced,2559.309241
3/27/2008,2549.560059,2554.100098,2548.310059,2548.310059,12029000,not_influenced,2561.633277
4/4/2008,2629.5,2632.97998,2618.669922,2624.969971,5626100,not_influenced,2632.178198
4/15/2008,2614.629883,2636.199951,2614.629883,2625.610107,4113400,influenced,2630.040757
4/25/2008,2677.5,2683.719971,2651.639893,2651.639893,32265800,influenced,2667.22323
5/7/2008,2645.5,2650.070068,2642.629883,2642.629883,8064400,influenced,2658.129891
5/16/2008,2609.850098,2614.949951,2596.639893,2596.639893,6657200,influenced,2612.005611
5/21/2008,2596.639893,2601.219971,2586.810059,2586.810059,2854600,influenced,2602.138729
6/2/2008,2538.360107,2561.110107,2527.409912,2527.409912,4719400,influenced,2542.573911
6/10/2008,2492.679932,2506.169922,2489.25,2489.25,9488200,influenced,2504.316722
6/24/2008,2479.530029,2492.719971,2479.530029,2481.330078,17897800,not_influenced,2492.671414
6/27/2008,2479.209961,2489.879883,2470.429932,2470.429932,8051600,not_influenced,2483.521943
6/30/2008,2470.429932,2471.600098,2457.840088,2457.840088,12394800,not_influenced,2470.906606
7/1/2008,2457.840088,2458,2439.959961,2439.959961,18615800,not_influenced,2452.990399
7/16/2008,2440.149902,2441.570068,2415.070068,2415.070068,4551200,not_influenced,2427.996124
7/21/2008,2412.379883,2414.120117,2380.570068,2380.570068,5228600,not_influenced,2393.399516
7/28/2008,2370.100098,2403.709961,2370.100098,2403.590088,57612200,not_influenced,2383.024579
8/6/2008,2454.840088,2478.179932,2454.840088,2471.800049,11949800,not_influenced,2467.897004
8/14/2008,2451.23999,2456.139893,2435.25,2435.25,11674600,not_influenced,2448.250486
8/21/2008,2425.22998,2438.219971,2424.709961,2424.709961,6871800,not_influenced,2437.668993
8/28/2008,2407.620117,2422.280029,2407.620117,2421.23999,14736400,not_influenced,2420.549237
8/29/2008,2421.23999,2424.169922,2408.639893,2408.639893,9260600,not_influenced,2421.558866
9/4/2008,2393.97998,2403.780029,2393.97998,2397.52002,5554400,not_influenced,2406.848383
9/12/2008,2372.040039,2376.199951,2355.629883,2355.629883,4685400,not_influenced,2368.38703
9/17/2008,2321.159912,2324.389893,2280.25,2280.25,6743600,not_influenced,2292.797442
9/26/2008,2212.570068,2216.459961,2209.050049,2209.050049,9110000,not_influenced,2221.400422
10/3/2008,2148.610107,2161.969971,2148.610107,2155.530029,6999600,not_influenced,2160.783375
10/10/2008,2013.099976,2021.219971,1924.689941,1924.689941,9240800,not_influenced,1936.231039
10/15/2008,1983.579956,2038.069946,1983.579956,2027.51001,4695400,not_influenced,1995.277884
10/16/2008,2027.51001,2028.97998,1985.790039,1985.790039,4533000,not_influenced,1997.493872
10/23/2008,1900.869995,1910.77002,1802.030029,1815.170044,8542600,not_influenced,1813.220245
10/28/2008,1830.819946,1842.430054,1740.439941,1740.439941,7697400,not_influenced,1751.452793
10/31/2008,1786.180054,1833.48999,1786.180054,1821.530029,7156200,not_influenced,1797.32184
11/7/2008,1920.640015,1928.579956,1890.359985,1890.359985,6384800,not_influenced,1901.796538
11/14/2008,1812.180054,1818.449951,1783.939941,1783.939941,15757400,not_influenced,1795.095848
11/28/2008,1625.900024,1659.530029,1625.900024,1639.939941,14688800,not_influenced,1636.603438
12/17/2008,1524.290039,1533.76001,1524.290039,1525.52002,6288200,not_influenced,1534.684144
12/19/2008,1526.27002,1540.219971,1526.27002,1526.76001,2100400,not_influenced,1536.659782
12/22/2008,1527.170044,1528.849976,1509.790039,1509.790039,1772000,not_influenced,1520.132099
12/23/2008,1509.790039,1518.709961,1501.170044,1501.170044,1031400,not_influenced,1511.485797
12/24/2008,1501.170044,1510.160034,1501.170044,1506.099976,3120600,not_influenced,1511.490776
12/30/2008,1496.380005,1496.51001,1476.560059,1484.530029,3166600,not_influenced,1486.810835
1/21/2009,1810.27002,1821.810059,1715,1720.130005,9287600,not_influenced,1725.944213
1/27/2009,1818,1826.780029,1792.52002,1800.98999,4086200,not_influenced,1803.67254
1/29/2009,1812,1840.48999,1808.25,1834.939941,10773200,not_influenced,1819.463241
2/2/2009,1821.23999,1842.77002,1803.400024,1803.890015,6160800,not_influenced,1814.588464
2/11/2009,1765.880005,1774.089966,1754.180054,1761.930054,3854600,not_influenced,1765.222867
2/17/2009,1751.97998,1756.040039,1743.050049,1744.930054,12739800,not_influenced,1754.082349
2/18/2009,1744.930054,1753.670044,1735.089966,1737.939941,67349000,not_influenced,1746.22975
2/19/2009,1737.939941,1740.369995,1724.420044,1724.420044,11493000,not_influenced,1735.396332
2/24/2009,1734.410034,1744.420044,1725.839966,1726.910034,2845200,not_influenced,1736.799687
3/2/2009,1694.140015,1703.900024,1670.550049,1671.689941,3470600,not_influenced,1681.353848
3/6/2009,1616.060059,1637.939941,1616.030029,1627.699951,30209800,not_influenced,1626.742333
3/13/2009,1634.25,1642.400024,1631.089966,1632.869995,6868000,not_influenced,1641.789517
3/27/2009,1636.959961,1653.280029,1636.630005,1648.439941,4210600,not_influenced,1647.338996
4/6/2009,1637.189941,1660.619995,1637.189941,1652.800049,2067800,not_influenced,1647.895419
4/7/2009,1652.800049,1685.939941,1648.380005,1675.209961,10721200,not_influenced,1659.137965
4/15/2009,1676.180054,1694.109985,1676.180054,1683.439941,2993200,not_influenced,1686.998744
4/20/2009,1725.290039,1758.829956,1722.849976,1744.140015,6963400,not_influenced,1733.810999
4/23/2009,1777.579956,1816.219971,1777.579956,1810,17457000,not_influenced,1788.721807
5/7/2009,1893.319946,1903.689941,1889.920044,1896.01001,8795800,not_influenced,1901.36109
5/11/2009,1896.01001,1910.930054,1896.01001,1900.089966,5814600,not_influenced,1907.46129
5/12/2009,1900.089966,1900.709961,1875.900024,1888.619995,5760800,not_influenced,1887.293922
5/13/2009,1888.619995,1888.619995,1867.880005,1870.449951,3801200,not_influenced,1879.246399
5/18/2009,1907.670044,2046.880005,1907.670044,2030.900024,34232600,not_influenced,1919.222247
5/22/2009,2142.52002,2178.110107,2131.629883,2146.72998,64373200,not_influenced,2143.891542
5/28/2009,2156.040039,2218.129883,2156.040039,2210.790039,43543200,not_influenced,2168.321552
6/9/2009,2200.469971,2212.810059,2187.139893,2192.790039,9267200,not_influenced,2199.428261
6/24/2009,2439.709961,2454.879883,2435.929932,2439.939941,19740800,not_influenced,2448.951577
7/9/2009,2376.219971,2380.189941,2340.669922,2348.26001,10007400,not_influenced,2353.397161
7/13/2009,2363.090088,2395.340088,2362.5,2368.870117,8286000,not_influenced,2375.285288
7/16/2009,2373.040039,2383.5,2369.620117,2370.550049,10616800,not_influenced,2382.431231
7/27/2009,2491.75,2540.090088,2491.75,2520.139893,38996400,not_influenced,2504.976458
7/29/2009,2520.110107,2535.01001,2504.939941,2510.01001,20258000,not_influenced,2518.159294
8/21/2009,2524.620117,2538.75,2519.149902,2522.919922,8173600,not_influenced,2532.380911
8/26/2009,2547.439941,2573.929932,2547.439941,2553.030029,12895200,not_influenced,2560.762746
8/31/2009,2601.5,2612.590088,2599.22998,2607.649902,18758200,not_influenced,2612.714206
9/1/2009,2607.649902,2614.389893,2601.600098,2603.370117,21003600,not_influenced,2615.096423
9/2/2009,2603.370117,2637.300049,2603.370117,2627,33852600,not_influenced,2616.902104
9/11/2009,2791.439941,2846.969971,2791.27002,2840.330078,42251000,not_influenced,2805.356982
9/18/2009,2944.050049,2963.850098,2926.790039,2939.439941,28880600,not_influenced,2941.230968
10/7/2009,3127.560059,3141.780029,3109.139893,3116.560059,33355000,not_influenced,3124.110643
10/9/2009,3120.72998,3124.659912,3097.889893,3115.340088,15227600,not_influenced,3112.785412
10/15/2009,3139.209961,3157.110107,3129.189941,3135.129883,31774400,not_influenced,3144.214008
10/19/2009,3131.909912,3131.909912,3009.379883,3082.909912,34966000,not_influenced,3024.070451
10/26/2009,3056.620117,3066.360107,3021.560059,3024.02002,23013600,not_influenced,3036.25682
11/4/2009,2964.189941,2966.300049,2901.550049,2902.699951,23185200,not_influenced,2915.905545
11/10/2009,2867.580078,2875.530029,2841.679932,2843.659912,15621400,not_influenced,2855.846949
11/25/2009,2875.389893,2882.47998,2852.129883,2858.540039,7850800,not_influenced,2866.308132
11/27/2009,2850.22998,2879.689941,2850.22998,2878.959961,6854800,not_influenced,2864.400446
12/9/2009,3052.790039,3064.25,3047.850098,3052.73999,10622600,not_influenced,3062.592177
12/16/2009,3076.959961,3103.5,3076.959961,3089.449951,39837200,not_influenced,3091.854542
12/18/2009,3134.949951,3200.26001,3134.72998,3188.820068,29361200,not_influenced,3149.764068
12/21/2009,3188.820068,3244.870117,3188.820068,3234.280029,15297400,not_influenced,3203.974636
12/23/2009,3280.820068,3340.560059,3253.830078,3266,16546400,not_influenced,3269.172709
1/19/2010,3528.550049,3532.439941,3462.469971,3483.300049,15167200,not_influenced,3478.403322
2/11/2010,3774.340088,3784.350098,3718.659912,3724.840088,61859800,not_influenced,3735.433927
2/23/2010,3773.550049,3795.469971,3767.939941,3770.399902,22971000,not_influenced,3784.761577
3/17/2010,3785.530029,3808.949951,3768.290039,3768.290039,44342600,not_influenced,3785.163605
3/24/2010,3730.669922,3734.459961,3718.26001,3722.719971,24982400,not_influenced,3734.944999
3/26/2010,3730.429932,3790.23999,3730.429932,3773.76001,21278400,not_influenced,3747.140742
3/31/2010,3765.070068,3768.050049,3722.870117,3724.590088,14716400,not_influenced,3739.543765
4/5/2010,3746.5,3787.330078,3746.5,3781.899902,13173400,not_influenced,3763.237246
4/12/2010,3939.790039,3981.669922,3939.790039,3958.780029,33129000,not_influenced,3957.125149
4/15/2010,3958.780029,3967.189941,3948.780029,3955.830078,26724200,not_influenced,3966.12547
4/16/2010,3955.830078,3980.23999,3955.830078,3966.870117,37159600,not_influenced,3973.220461
4/23/2010,4077.560059,4131.839844,4077.560059,4121.640137,53495800,not_influenced,4095.335945
4/29/2010,4134.459961,4176.830078,4134.459961,4155,132361500,not_influenced,4152.585798
4/30/2010,4155,4197.220215,4154.919922,4188.879883,62942600,not_influenced,4172.938569
5/12/2010,4215.220215,4244.97998,4215.220215,4229.399902,77264400,not_influenced,4233.444672
5/24/2010,4235.689941,4260.180176,4232.919922,4232.919922,21204600,not_influenced,4251.061167
6/3/2010,4307.049805,4353.669922,4304.930176,4332.290039,52287600,not_influenced,4323.350516
6/10/2010,4464.410156,4512.390137,4464.410156,4496.240234,66808200,not_influenced,4483.319148
6/22/2010,4658.680176,4676.009766,4634.72998,4634.72998,83860600,not_influenced,4654.16452
7/9/2010,4521.609863,4547.029785,4505.689941,4505.689941,47827400,not_influenced,4524.671223
7/12/2010,4505.689941,4547.109863,4505.689941,4533.950195,36098000,not_influenced,4524.643269
7/16/2010,4638.709961,4693.939941,4638.709961,4676.890137,65036000,not_influenced,4658.110969
7/23/2010,4849.169922,4903.27002,4849.169922,4895.509766,55083200,not_influenced,4869.146399
7/26/2010,4895.509766,4948.720215,4895.509766,4943.529785,53995200,not_influenced,4915.615582
8/5/2010,5214.859863,5224.120117,5015.930176,5137.379883,56918600,not_influenced,5036.385801
8/6/2010,5137.419922,5149.939941,5060.620117,5065.069824,47898000,not_influenced,5081.181478
8/12/2010,5078.600098,5091.890137,5012.339844,5034.850098,25454400,not_influenced,5032.710261
8/19/2010,5421.830078,5577.470215,5421.830078,5568.5,64044600,not_influenced,5443.458301
8/20/2010,5568.759766,5679.140137,5546.910156,5563,47407200,not_influenced,5568.854837
8/27/2010,5594.810059,5642.850098,5594.740234,5634.149902,59303800,not_influenced,5616.849442
9/16/2010,6238.490234,6356.009766,6238.490234,6343.709961,99878400,not_influenced,6262.528926
9/17/2010,6343.740234,6492.220215,6343.740234,6479.370117,121545900,not_influenced,6368.130216
9/21/2010,6521.430176,6720.259766,6494.669922,6702.990234,96909800,not_influenced,6519.430894
9/23/2010,6703.459961,6801.459961,6703.459961,6772.430176,141568600,not_influenced,6728.9218
9/27/2010,6888.959961,7008.149902,6826.779785,6881.540039,97485800,not_influenced,6852.487661
9/28/2010,6881.540039,6905.5,6798.430176,6845.77002,116409300,not_influenced,6824.102439
11/10/2010,6592.379883,6597.299805,6524.950195,6535.089844,25056000,not_influenced,6549.626132
11/16/2010,6507.209961,6523.709961,6451.549805,6472.419922,53872800,not_influenced,6476.085445
11/18/2010,6472.009766,6580.439941,6471.339844,6565,43528400,not_influenced,6495.907174
12/6/2010,6547.680176,6568.220215,6496.029785,6506.299805,46930800,not_influenced,6520.675517
12/16/2010,6373.759766,6379.350098,6359.220215,6360.339844,21902400,not_influenced,6383.416796
12/21/2010,6359.160156,6396.970215,6358.870117,6378.910156,18225600,not_influenced,6383.056939
12/27/2010,6558.27002,6627.439941,6558.27002,6621.509766,31941400,not_influenced,6583.05723
12/29/2010,6641.200195,6658.569824,6619.509766,6646.919922,69675600,not_influenced,6644.561257
1/7/2011,6809.72998,6903.299805,6809.72998,6891.959961,173384200,not_influenced,6835.570198
1/24/2011,7254.009766,7320.220215,7248.149902,7261.370117,155535400,not_influenced,7275.195783
1/27/2011,7241.870117,7287.799805,7199.25,7211.109863,99685400,not_influenced,7226.023558
3/7/2011,7664.720215,7699.720215,7577.490234,7582.549805,115776000,not_influenced,7605.379007
3/25/2011,7216.540039,7248.779785,7216.220215,7240.27002,98881600,not_influenced,7243.040172
3/28/2011,7240.27002,7260.439941,7189.790039,7210.089844,32758000,not_influenced,7216.377161
4/5/2011,7373.140137,7408.490234,7363.419922,7370.02002,29154200,not_influenced,7390.492787
4/19/2011,7547.439941,7559.339844,7468.459961,7475.160156,43276400,not_influenced,7495.865536
4/27/2011,7349.169922,7398.390137,7348.930176,7363.779785,28669400,not_influenced,7375.960633
5/12/2011,7280.660156,7322.620117,7266.299805,7300.819824,73767200,not_influenced,7293.202488
5/13/2011,7300.819824,7375.609863,7300.819824,7319.939941,62052600,not_influenced,7327.792868
5/16/2011,7319.939941,7366.419922,7319.939941,7358.689941,78140800,not_influenced,7347.005763
5/24/2011,7439.149902,7462.870117,7429.879883,7431.970215,88880400,not_influenced,7457.284304
5/26/2011,7446.689941,7493.330078,7409.950195,7419.439941,140206400,not_influenced,7437.420197
6/1/2011,7418.069824,7460.97998,7382.299805,7387.149902,78507600,not_influenced,7409.544043
6/13/2011,7231.919922,7246.709961,7181.790039,7186.859863,193000200,not_influenced,7208.736278
6/27/2011,6897.02002,6916.009766,6886.430176,6894.259766,72057200,not_influenced,6912.247278
7/11/2011,6911.97998,6916.689941,6762.029785,6767.589844,67910000,not_influenced,6787.482829
7/19/2011,6744.189941,6759.240234,6666.850098,6675.700195,48835800,not_influenced,6691.986703
8/4/2011,6812.589844,6819.819824,6788.299805,6809.779785,61811800,not_influenced,6813.813108
8/9/2011,6806.970215,6818.759766,6746.410156,6750.189941,104023600,not_influenced,6771.904798
8/10/2011,6750.189941,6823.709961,6750.189941,6819.899902,110792200,not_influenced,6775.711475
8/11/2011,6819.899902,6822.75,6760.810059,6767.089844,104105200,not_influenced,6786.345892
8/12/2011,6767.089844,6851.069824,6767.089844,6833.060059,92275800,not_influenced,6792.615364
8/15/2011,6833.060059,6872.839844,6825.569824,6836.529785,45022800,not_influenced,6851.149224
8/26/2011,6839.200195,6898.970215,6839.200195,6852.959961,53222200,not_influenced,6864.837943
9/1/2011,6879.290039,6971.410156,6879.259766,6951.5,151375400,not_influenced,6905.245486
9/14/2011,6930.060059,6949.129883,6870.439941,6895.609863,96794400,not_influenced,6896.270472
9/15/2011,6895.609863,6904.77002,6846.850098,6850.930176,62600000,not_influenced,6872.531975
9/23/2011,6762.379883,6766.359863,6729.850098,6734.600098,38682600,not_influenced,6755.14187
9/27/2011,6736.02002,6772.439941,6727.529785,6737.680176,56794600,not_influenced,6752.858116
9/30/2011,6747.910156,6792.990234,6747.910156,6783.549805,74103800,not_influenced,6773.337762
10/10/2011,6698.830078,6719.850098,6664.450195,6669.040039,67021800,not_influenced,6689.623309
10/21/2011,6282.009766,6391.720215,6282.009766,6356.939941,39889000,not_influenced,6306.029391
11/18/2011,6092.52002,6173.560059,6092.509766,6140.52002,59035600,not_influenced,6116.035507
11/25/2011,5866.279785,5882.410156,5686.140137,5805.759766,54421400,not_influenced,5708.497929
11/30/2011,6020.080078,6106.939941,5975.509766,6087.399902,56547200,not_influenced,5998.696472
12/1/2011,6087.450195,6158.540039,6087.359863,6144.669922,100665000,not_influenced,6110.970154
12/16/2011,5941.319824,5970.279785,5892.689941,5892.689941,11596600,not_influenced,5915.533728
12/19/2011,5892.689941,5898.009766,5860.959961,5860.959961,13755400,not_influenced,5883.718556
1/12/2012,5865.060059,5955.27002,5860.580078,5942.470215,70763600,not_influenced,5883.473455
1/17/2012,5929.339844,6040.859863,5924.609863,5924.609863,87061200,not_influenced,5947.724377
1/26/2012,5556.290039,5621.689941,5556.200195,5592.399902,43409200,not_influenced,5578.161797
2/6/2012,5586.390137,5608.790039,5561.430176,5561.430176,23270200,not_influenced,5583.358673
2/23/2012,5420.970215,5536.899902,5420.970215,5507.600098,68319200,not_influenced,5442.606178
2/24/2012,5507.600098,5566.299805,5507.600098,5566.299805,0,not_influenced,5529.31988
3/2/2012,5469.680176,5498.129883,5460.189941,5460.189941,0,not_influenced,5481.774744
3/8/2012,5477.669922,5480.689941,5433.589844,5456.509766,0,not_influenced,5455.098915
3/16/2012,5397.200195,5462.52002,5391.970215,5449.049805,0,not_influenced,5413.360793
3/23/2012,5349.700195,5423.700195,5347.970215,5422.330078,0,not_influenced,5369.235523
3/26/2012,5425.100098,5444.470215,5422.330078,5430.959961,0,not_influenced,5443.807092
3/27/2012,5435.799805,5472.919922,5425,5425,0,not_influenced,5446.484616
3/28/2012,5424.879883,5444.75,5416.569824,5416.569824,0,not_influenced,5438.030439
3/29/2012,5417.049805,5435.810059,5407.649902,5412.040039,0,not_influenced,5429.085121
4/4/2012,5430.890137,5453.490234,5400.910156,5400.910156,0,not_influenced,5422.326187
4/30/2012,5440.220215,5444.319824,5406.080078,5419.200195,0,not_influenced,5427.510828
5/9/2012,5297.359863,5310.689941,5255.310059,5256.790039,0,not_influenced,5276.31156
5/17/2012,5219.990234,5234.049805,5210.640137,5221.529785,0,not_influenced,5231.51446
5/21/2012,5224.560059,5243.779785,5205.810059,5207.720215,0,not_influenced,5226.670631
6/15/2012,4928.279785,5026.509766,4923.02002,4991.209961,0,not_influenced,4943.075476
6/19/2012,4998.049805,5060.319824,4985.779785,5059.290039,0,not_influenced,5006.013921
6/21/2012,5079.169922,5083.560059,5028.220215,5042.069824,0,not_influenced,5048.575181
6/26/2012,4992.089844,5003.689941,4972.709961,4989.990234,0,not_influenced,4992.906887
6/29/2012,4955.200195,4967.310059,4953.370117,4965.77002,0,not_influenced,4973.511981
7/10/2012,4925.120117,4930.959961,4902.720215,4905.600098,0,not_influenced,4922.717877
7/13/2012,4872.410156,4896.939941,4867.52002,4867.52002,0,not_influenced,4887.417465
7/17/2012,4880.919922,4887.040039,4844.459961,4853.029785,0,not_influenced,4864.291753
7/18/2012,4852.350098,4853.299805,4822.640137,4822.640137,0,not_influenced,4842.409807
7/20/2012,4892.790039,4905.759766,4881.069824,4888.220215,0,not_influenced,4901.005846
7/26/2012,4888.509766,4889.140137,4872.330078,4876.189941,0,not_influenced,4892.241218
10/9/2012,5855.129883,5902.319824,5833.319824,5833.319824,0,not_influenced,5855.966945
11/19/2012,5557.390137,5564.970215,5503.930176,5503.930176,0,not_influenced,5525.639509
11/20/2012,5505.919922,5520.359863,5433.950195,5433.950195,0,not_influenced,5455.460292
12/3/2012,5350.589844,5372.100098,5325.839844,5337.709961,0,not_influenced,5347.042146
12/10/2012,5387.629883,5427.529785,5387.399902,5404.859863,0,not_influenced,5408.777468
12/17/2012,5522.839844,5535.830078,5503.509766,5503.509766,0,not_influenced,5525.217902
12/18/2012,5501.379883,5518.450195,5492.390137,5507.790039,0,not_influenced,5514.066615
12/21/2012,5528.620117,5549.52002,5516.490234,5516.490234,0,not_influenced,5538.235326
12/28/2012,5570.200195,5607.129883,5565.850098,5607.129883,0,not_influenced,5587.73572
12/31/2012,5607.540039,5643,5607.129883,5643,0,not_influenced,5629.133031
1/2/2013,5642.870117,5684.259766,5632.970215,5683.790039,0,not_influenced,5655.046931
1/3/2013,5685.069824,5739.209961,5683.790039,5730.450195,0,not_influenced,5706.011442
1/8/2013,5746.279785,5752.660156,5719.680176,5751.930176,0,not_influenced,5742.003759
1/9/2013,5753.25,5757.109863,5742.109863,5745.100098,0,not_influenced,5764.497305
2/5/2013,5802.529785,5816.509766,5781.299805,5781.299805,0,not_influenced,5803.798822
2/20/2013,5737.290039,5752.459961,5721.009766,5730.540039,0,not_influenced,5743.337135
2/27/2013,5670.850098,5691.700195,5661.25,5674.470215,0,not_influenced,5683.40723
2/28/2013,5668.189941,5674.470215,5633.700195,5635.899902,0,not_influenced,5655.778989
3/11/2013,5692.470215,5713.350098,5677.310059,5677.310059,0,not_influenced,5699.513013
3/12/2013,5677.02002,5722.52002,5677.02002,5704.319824,0,not_influenced,5699.222148
3/15/2013,5691.470215,5712.720215,5688.97998,5704.529785,0,not_influenced,5711.216159
4/16/2013,5838.379883,5864.950195,5838.379883,5852.680176,0,not_influenced,5861.04141
4/18/2013,5863.549805,5921.939941,5863.339844,5891.830078,0,not_influenced,5886.072433
5/6/2013,6017.609863,6144.839844,6013.180176,6121.169922,0,not_influenced,6036.339367
5/7/2013,6123.370117,6212.189941,6121.169922,6201.680176,0,not_influenced,6144.636565
5/10/2013,6255.27002,6290.879883,6238.709961,6250,0,not_influenced,6262.511245
5/16/2013,6225.22998,6296.350098,6221.120117,6287,0,not_influenced,6244.871322
5/21/2013,6476.330078,6486.149902,6423.040039,6441.640137,0,not_influenced,6447.36612
5/22/2013,6443.399902,6481.160156,6441.640137,6461.620117,0,not_influenced,6466.019173
6/25/2013,6152.549805,6163.410156,6086.220215,6086.220215,0,not_influenced,6109.587354
6/27/2013,6074.540039,6124.680176,6072.680176,6111.359863,0,not_influenced,6096.008766
7/8/2013,6047.25,6052.080078,5995.640137,5995.640137,0,not_influenced,6018.749391
7/9/2013,5996.290039,6008.029785,5980.160156,5980.160156,0,not_influenced,6003.225338
7/15/2013,6029.290039,6032.569824,6015.02002,6015.200195,0,not_influenced,6038.184449
7/16/2013,6017.009766,6021.209961,5985.140137,6007.649902,0,not_influenced,6008.219497
7/18/2013,5981.379883,5994.080078,5979.569824,5985.450195,0,not_influenced,6002.633325
7/19/2013,5985.450195,6049.399902,5980.140137,6041.060059,0,not_influenced,6003.205262
7/24/2013,6084.450195,6096.379883,6060.060059,6079.140137,0,not_influenced,6083.352719
7/25/2013,6080.97998,6082.839844,6037.450195,6038.160156,0,not_influenced,6060.678484
7/30/2013,6053.870117,6067.540039,6047.169922,6055.47998,0,not_influenced,6070.425883
8/6/2013,6122.149902,6128.740234,6114.180176,6121.450195,0,not_influenced,6137.626919
8/7/2013,6122.100098,6163.509766,6121.450195,6151.790039,0,not_influenced,6144.917636
8/12/2013,6152.700195,6159.970215,6120.049805,6130.240234,0,not_influenced,6143.513259
8/16/2013,6220.419922,6233.209961,6203.140137,6233.209961,0,not_influenced,6226.840153
8/22/2013,6117.25,6121.890137,6085.879883,6085.879883,0,influenced,6111.163759
8/27/2013,5893.859863,5923.339844,5836.910156,5923.339844,20402300,influenced,5861.533827
8/28/2013,5922.540039,5923.899902,5753.200195,5753.200195,25831800,influenced,5777.59848
9/3/2013,5786.459961,5786.549805,5746.580078,5752.359863,35808600,influenced,5770.983292
9/4/2013,5753.569824,5767.339844,5742.919922,5744.890137,32393800,influenced,5767.304577
9/5/2013,5745.310059,5748.25,5686.990234,5686.990234,21957300,influenced,5711.190782
10/23/2013,5925.390137,5931.25,5900.899902,5900.899902,26585100,not_influenced,5923.802784
10/25/2013,5935.930176,5955.680176,5935.540039,5948.75,1480604400,not_influenced,5962.0068
10/31/2013,5936.569824,5957.299805,5934.410156,5954.620117,47069400,not_influenced,5957.457262
11/4/2013,5952.540039,5955.279785,5927.410156,5927.410156,22172900,not_influenced,5950.377999
11/6/2013,5914.049805,5922.220215,5903.879883,5906.180176,21983600,not_influenced,5926.780283
11/8/2013,5870.200195,5870.470215,5846.640137,5855.339844,47902500,not_influenced,5869.439344
11/11/2013,5855.990234,5862.819824,5849.100098,5862.819824,15191800,not_influenced,5871.828351
11/15/2013,5829.290039,5837.299805,5809.5,5810.970215,19776500,not_influenced,5832.126436
12/6/2013,5780.549805,5838.72998,5780.549805,5810.240234,74330200,not_influenced,5803.223833
12/30/2013,5876.370117,5911.419922,5874.75,5899.200195,12269600,not_influenced,5897.544315
1/10/2014,6069.720215,6113.709961,6069.339844,6083.140137,59335400,not_influenced,6092.800334
1/13/2014,6083.830078,6121.339844,6080.859863,6116.390137,92521500,not_influenced,6104.432241
1/16/2014,6119.72998,6177.060059,6116.390137,6166.97998,91735300,not_influenced,6140.061797
1/23/2014,6213.149902,6233.600098,6201.180176,6226.140137,131709400,not_influenced,6225.188505
2/7/2014,6170.799805,6182.22998,6141.720215,6141.720215,77782300,not_influenced,6165.430738
2/12/2014,6108.910156,6120.120117,6084.47998,6084.47998,68594600,not_influenced,6108.005641
2/21/2014,5956.839844,5962.540039,5931,5937.279785,38914500,not_influenced,5954.017962
3/4/2014,5914.810059,5938.950195,5895.370117,5936.620117,28868000,influenced,5920.180402
3/20/2014,5911.240234,5922.009766,5908.330078,5914.560059,15048100,influenced,5933.144325
3/21/2014,5914.850098,5937.870117,5914.560059,5937.870117,19382600,influenced,5939.402373
3/26/2014,5952.77002,5959.129883,5948.669922,5950.970215,19105600,influenced,5973.608688
4/9/2014,6072.080078,6088.22998,6068.359863,6083.549805,40307600,influenced,6093.689921
4/10/2014,6086.259766,6093.080078,6069.319824,6075.049805,20751900,influenced,6094.606009
4/28/2014,6169.240234,6190.950195,6164.240234,6171.939941,24873000,influenced,6189.806483
5/2/2014,6223.439941,6275.209961,6221.870117,6248.439941,67319200,not_influenced,6245.783895
5/5/2014,6249.290039,6264.859863,6241.950195,6249.430176,70080500,not_influenced,6265.927722
5/9/2014,6276.790039,6298.359863,6275.72998,6284.870117,629712700,not_influenced,6301.13741
6/4/2014,6288.859863,6290.049805,6273.669922,6286.060059,33583700,not_influenced,6297.650777
7/1/2014,6376.410156,6390.720215,6353.350098,6376.009766,157509000,not_influenced,6377.853148
7/7/2014,6475.27002,6500.009766,6471.859863,6499,113741400,not_influenced,6496.596007
7/8/2014,6501.47998,6566.060059,6497.029785,6565.810059,138369400,not_influenced,6521.896283
7/21/2014,6722.279785,6766.189941,6722.200195,6756.52002,36107200,not_influenced,6747.46405
7/23/2014,6798.319824,6815.890137,6783.97998,6783.97998,47124500,not_influenced,6809.445981
7/25/2014,6787.399902,6793.209961,6776.490234,6783.640137,161241200,not_influenced,6802.206877
8/11/2014,6924.709961,6949.410156,6918.22998,6942.919922,48868200,not_influenced,6944.082353
8/14/2014,6957.75,7018.720215,6954.140137,6973.089844,92814000,not_influenced,6980.19948
9/4/2014,7047.279785,7071.930176,7042.620117,7060.600098,48010000,not_influenced,7068.824589
9/10/2014,7126.629883,7165.439941,7123.240234,7163.25,80389500,not_influenced,7149.751402
9/16/2014,7174.490234,7196.160156,7174.410156,7176.100098,112749400,not_influenced,7201.144128
9/23/2014,7265.399902,7285.319824,7256.410156,7260.640137,105652300,not_influenced,7283.360672
9/26/2014,7233.390137,7246.899902,7225.330078,7233.709961,98053700,not_influenced,7252.173998
10/1/2014,7253.740234,7307.129883,7249.77002,7293.080078,105504700,not_influenced,7276.701279
10/3/2014,7353.299805,7430.459961,7351.049805,7406.600098,243545000,not_influenced,7378.598394
10/17/2014,7259.279785,7273.189941,7228.189941,7234.470215,40269800,not_influenced,7254.904292
10/23/2014,7159.580078,7203.540039,7158.509766,7189.509766,73331600,not_influenced,7185.104528
11/3/2014,7328.319824,7362.149902,7326.810059,7353.149902,61849300,not_influenced,7353.856614
11/13/2014,7479.330078,7504.129883,7469.410156,7479.689941,194450600,not_influenced,7497.178719
11/14/2014,7489.290039,7515.959961,7479.689941,7501.089844,75641200,not_influenced,7507.204621
11/25/2014,7236.02002,7330.5,7235.25,7239.359863,56736300,not_influenced,7262.023694
12/4/2014,7278.72998,7291.779785,7254.799805,7254.799805,40738500,not_influenced,7281.591032
12/8/2014,7238.660156,7250.950195,7214.279785,7241.470215,24195700,not_influenced,7240.916224
12/16/2014,7230.370117,7236.410156,7221.490234,7223.560059,26769900,not_influenced,7248.153337
12/30/2014,7297.049805,7297.709961,7282.410156,7291.330078,0,not_influenced,7309.182902
1/20/2015,7368.089844,7403.080078,7362.390137,7368.5,0,not_influenced,7389.390589
1/28/2015,7368.490234,7410.600098,7368.279785,7395.290039,0,not_influenced,7395.297006
1/30/2015,7308.169922,7308.169922,7163.609863,7180.049805,0,not_influenced,7190.044379
2/6/2015,7052.600098,7162.75,7047.310059,7162.75,62442200,not_influenced,7073.562278
2/10/2015,7196.339844,7312.509766,7196,7304.700195,225510100,not_influenced,7223.064174
2/20/2015,7305.919922,7324.149902,7303.52002,7314.910156,32898000,not_influenced,7330.43127
3/9/2015,7183.47998,7183.5,7135.370117,7136.330078,34513500,not_influenced,7161.806487
3/11/2015,7132.52002,7142.339844,7104.259766,7110.189941,22350300,not_influenced,7130.578576
3/26/2015,6973.209961,6980.859863,6922.830078,6922.830078,21718600,not_influenced,6948.630844
4/8/2015,6927.25,6935.109863,6906.740234,6913.72998,19844600,not_influenced,6932.490725
4/20/2015,7088.390137,7096.169922,7043.470215,7080.379883,0,not_influenced,7069.562688
4/22/2015,7096.700195,7117.129883,7069.410156,7117.129883,22805100,not_influenced,7095.630831
4/28/2015,7126.410156,7144.799805,7125.120117,7134.430176,32497300,not_influenced,7151.522499
4/29/2015,7139.410156,7185.009766,7134.430176,7173.370117,37239900,not_influenced,7160.870367
5/7/2015,7191.470215,7212.899902,7186.990234,7212.899902,78207400,not_influenced,7213.677701
5/11/2015,7218.580078,7222.47998,7209.459961,7213.629883,19732700,not_influenced,7236.072042
5/12/2015,7210.580078,7265.52002,7210.580078,7258.609863,31977900,not_influenced,7237.224531
5/13/2015,7262.680176,7272.410156,7243.689941,7245.049805,50809200,not_influenced,7270.473538
5/18/2015,7260.839844,7277.140137,7246.529785,7255.02002,33330100,not_influenced,7273.279811
6/5/2015,7129.680176,7156.799805,7120.910156,7122.72998,17955700,not_influenced,7147.265897
6/16/2015,7081.069824,7088.220215,7042.870117,7044.600098,27974900,not_influenced,7069.027552
6/18/2015,7051.470215,7065.930176,7048.180176,7064.149902,39899100,not_influenced,7074.381147
6/26/2015,7031.049805,7035.310059,7015.870117,7016.200195,24813600,not_influenced,7041.943148
7/10/2015,6946.149902,6993.990234,6946.029785,6984.120117,30970000,not_influenced,6971.918649
7/14/2015,7003.959961,7034.799805,7002.779785,7027,0,not_influenced,7028.756411
7/15/2015,7030.629883,7085,7027,7066.189941,15406700,not_influenced,7053.082299
7/24/2015,7214.669922,7269.620117,7212.620117,7269.049805,41923600,not_influenced,7239.294081
7/28/2015,7247.779785,7275.450195,7245.97998,7261.069824,29831300,not_influenced,7272.720102
8/4/2015,7336.549805,7345.180176,7308.149902,7310.049805,38197000,not_influenced,7335.086962
8/6/2015,7368.379883,7388.02002,7366.310059,7377.240234,76268700,not_influenced,7393.503437
8/17/2015,7469.75,7504.180176,7462.339844,7492.040039,46231200,not_influenced,7489.735037
8/19/2015,7498.759766,7531.279785,7498.700195,7498.779785,85228500,not_influenced,7526.291847
8/25/2015,7330.620117,7343.709961,7231.580078,7231.580078,58564800,not_influenced,7258.347682
9/25/2015,7120.410156,7127.759766,7106.919922,7110.799805,33507100,not_influenced,7133.272894
9/29/2015,7082.759766,7099.470215,7078.640137,7085.379883,27839700,not_influenced,7104.899089
10/14/2015,7080.310059,7088.359863,7039.689941,7040.319824,22952100,not_influenced,7065.826352
10/21/2015,7046.850098,7064.97998,7041.259766,7055.669922,1029987500,not_influenced,7069.800639
10/28/2015,7086.430176,7101.799805,7083.47998,7094.089844,31031000,not_influenced,7109.760317
10/29/2015,7096.310059,7107.100098,7070.129883,7070.129883,20911400,not_influenced,7096.348094
11/3/2015,7029.930176,7037.149902,6998.390137,7000.410156,11812700,not_influenced,7024.382417
11/9/2015,7059.680176,7064.879883,7042.890137,7050.209961,14618700,not_influenced,7069.015798
11/12/2015,7017.47998,7019.22998,6997.069824,7006.350098,562401800,not_influenced,7024.370524
11/17/2015,6964.959961,6982.700195,6960.850098,6977.950195,45406500,not_influenced,6986.815562
11/18/2015,6978.220215,6983.169922,6974.75,6981.970215,18345100,not_influenced,7000.690544
11/30/2015,6954.290039,6961.410156,6909.149902,6909.149902,16144700,not_influenced,6934.898436
12/10/2015,6841.589844,6842.310059,6819.160156,6823.910156,323114900,not_influenced,6845.384064
12/22/2015,6882.310059,6883.700195,6854.569824,6854.569824,5722800,not_influenced,6880.138128
1/29/2016,6319.859863,6361.370117,6319.859863,6340.049805,9724400,not_influenced,6343.91536
2/18/2016,6226.839844,6239.97998,6205.709961,6208.890137,14299200,not_influenced,6229.451371
2/29/2016,6205.339844,6215.140137,6191.810059,6191.810059,22039000,not_influenced,6215.530341
3/4/2016,6053.709961,6065.350098,6050.419922,6057.220215,10244400,not_influenced,6073.709551
3/14/2016,6020.390137,6029.240234,5975.160156,5979.430176,21003600,not_influenced,5998.261159
3/16/2016,5970.47998,6039.379883,5970.359863,6021.370117,24114500,not_influenced,5993.454613
3/21/2016,6060.450195,6103.419922,6057.120117,6088.569824,14012300,not_influenced,6080.437802
3/29/2016,6063.430176,6064.709961,6021.899902,6031.850098,8177400,not_influenced,6045.103407
4/7/2016,6167.47998,6236.319824,6165.109863,6230.189941,31634500,not_influenced,6188.776997
4/12/2016,6274.700195,6364.129883,6273.779785,6353.200195,39810600,not_influenced,6297.775793
4/20/2016,6388.549805,6424.589844,6387.850098,6423.129883,35172000,not_influenced,6412.159814
5/5/2016,6568.72998,6587.27002,6552.390137,6578.339844,33592100,not_influenced,6577.164541
5/16/2016,6680.890137,6711.390137,6679.839844,6708.399902,18575600,not_influenced,6704.941315
5/19/2016,6680.120117,6686.180176,6648.129883,6648.129883,46707000,not_influenced,6673.208118
5/20/2016,6649.720215,6655.430176,6622.52002,6633.27002,24897300,not_influenced,6647.473365
5/27/2016,6567.97998,6581.27002,6552,6571.209961,14804800,not_influenced,6576.728519
6/13/2016,6532.52002,6546.950195,6530.5,6538.25,30013000,not_influenced,6555.203552
6/20/2016,6466.399902,6467.890137,6458.430176,6461.120117,9993700,not_influenced,6482.880831
6/21/2016,6462.189941,6468.700195,6442.029785,6446.879883,11077900,not_influenced,6466.436331
6/23/2016,6422.200195,6427.02002,6398.060059,6398.060059,8815200,not_influenced,6422.336029
7/11/2016,6368.660156,6381.939941,6366.310059,6372.240234,43461100,not_influenced,6390.578204
7/13/2016,6398.240234,6423.180176,6398.129883,6402.779785,129458300,not_influenced,6422.693572
7/21/2016,6414.689941,6427.180176,6411.180176,6417.459961,0,not_influenced,6435.472491
7/27/2016,6388.97998,6394.399902,6379.399902,6382.419922,47075600,not_influenced,6403.713929
8/3/2016,6517.040039,6535.240234,6503.299805,6511.580078,42277500,not_influenced,6527.955146
8/8/2016,6513.689941,6533.740234,6506.930176,6506.930176,26133500,not_influenced,6531.557378
8/9/2016,6508.720215,6522.390137,6502.5,6510.109863,31639600,not_influenced,6527.127711
8/16/2016,6586.75,6600.970215,6577.950195,6577.950195,33372900,not_influenced,6602.796847
8/23/2016,6595.060059,6613.189941,6592.790039,6603.759766,50642800,not_influenced,6617.720099
8/26/2016,6586.339844,6593.640137,6544.47998,6550.910156,24885800,not_influenced,6569.211114
8/29/2016,6546.970215,6561.589844,6540.189941,6540.189941,37657500,not_influenced,6564.939299
9/1/2016,6532.899902,6545.720215,6528.209961,6540.290039,19617900,not_influenced,6552.882219
9/29/2016,6517.200195,6534.509766,6512.319824,6528.299805,25103700,not_influenced,6536.959916
9/30/2016,6529.330078,6553.569824,6528.299805,6534.77002,67980600,not_influenced,6553.087578
10/4/2016,6575.990234,6595.209961,6574.390137,6591.410156,40921100,not_influenced,6599.244642
10/11/2016,6561.740234,6563.049805,6538.279785,6538.279785,16501300,not_influenced,6562.973285
10/17/2016,6482.379883,6482.540039,6450.870117,6452.689941,22980100,not_influenced,6475.330198
10/21/2016,6442.939941,6453.279785,6440.640137,6447.529785,109441600,not_influenced,6465.27715
10/26/2016,6436.529785,6438.740234,6426.419922,6434.890137,10048000,not_influenced,6450.779572
11/4/2016,6443.970215,6445.240234,6433.430176,6435.169922,7103200,not_influenced,6457.802766
11/11/2016,6420.600098,6435.049805,6415.589844,6415.589844,3784600,not_influenced,6439.903733
11/16/2016,6407.959961,6408.759766,6349.029785,6349.029785,38112000,not_influenced,6373.235984
11/18/2016,6342.959961,6353.129883,6326.109863,6326.109863,13185300,not_influenced,6350.191402
11/29/2016,6238.720215,6245.459961,6231.870117,6231.870117,19445800,not_influenced,6255.698272
12/8/2016,6315.359863,6343.720215,6315.060059,6337.819824,0,not_influenced,6339.078716
12/23/2016,6210.129883,6222.649902,6205.109863,6216.560059,6050100,not_influenced,6228.829905
12/28/2016,6201.689941,6228.509766,6200.509766,6228.509766,24821600,not_influenced,6224.261448
1/30/2017,6137.430176,6152.379883,6137.430176,6140.540039,6374200,not_influenced,6160.958304
2/2/2017,6132.919922,6147.080078,6130.069824,6139.560059,17340400,not_influenced,6153.603131
2/6/2017,6122.27002,6122.27002,6068.310059,6068.310059,22040400,not_influenced,6091.678735
2/16/2017,6175.339844,6194.819824,6171.299805,6173.720215,37239700,not_influenced,6194.99792
2/21/2017,6138.649902,6142.950195,6127.490234,6127.490234,19107400,not_influenced,6151.020408
2/23/2017,6135.339844,6142.47998,6129.689941,6138.140137,22051600,not_influenced,6153.233395
3/14/2017,6072.060059,6075.290039,6041.310059,6046.790039,22533600,not_influenced,6064.60304
3/16/2017,6032.419922,6040.640137,6026.870117,6028.569824,18635700,not_influenced,6050.112697
3/27/2017,5995.25,6003.129883,5974.939941,5974.939941,21907400,not_influenced,5998.042471
3/28/2017,5976,5996.140137,5968.240234,5985.080078,70983300,not_influenced,5991.440648
3/29/2017,5979.169922,6034.240234,5979.169922,6021.540039,43520300,not_influenced,6002.336003
4/17/2017,6405.600098,6411.589844,6351.259766,6351.259766,15527600,not_influenced,6375.418491
4/24/2017,6538.859863,6540.169922,6486.990234,6505.950195,29263200,not_influenced,6511.568124
4/27/2017,6516.080078,6573.310059,6512.330078,6571.649902,47774600,not_influenced,6537.024229
5/18/2017,6719.129883,6721.259766,6686.140137,6697.899902,26776900,not_influenced,6711.279091
5/23/2017,6728.930176,6733.790039,6689.959961,6689.959961,16728400,not_influenced,6715.085842
5/25/2017,6710.950195,6728.060059,6710.950195,6714.950195,13673500,not_influenced,6736.128556
6/15/2017,6672.470215,6704.25,6669.72998,6694.640137,32926500,not_influenced,6694.836869
6/19/2017,6718.279785,6726.759766,6683.160156,6684.02002,32960000,not_influenced,6708.305361
6/23/2017,6713.930176,6737.259766,6709.509766,6715.330078,86328000,not_influenced,6734.857178
7/13/2017,6746.819824,6749.310059,6731.209961,6738.419922,24032700,not_influenced,6756.47069
7/18/2017,6742.959961,6752.009766,6733.990234,6735.040039,48986300,not_influenced,6759.318349
7/31/2017,6659.959961,6666.049805,6637.390137,6637.390137,26825800,not_influenced,6662.390414
8/10/2017,6507.490234,6522.390137,6506.029785,6516.319824,10769400,not_influenced,6530.617807
8/17/2017,6417.359863,6419.959961,6398.25,6408.120117,17693000,not_influenced,6422.547669
8/18/2017,6413.379883,6446.899902,6408.120117,6436.279785,23837400,not_influenced,6432.46053
8/25/2017,6381.47998,6415.529785,6381.450195,6409.370117,33747600,not_influenced,6405.738296
8/28/2017,6412.25,6420.02002,6408.120117,6412.370117,12732800,not_influenced,6432.434065
9/14/2017,6369.129883,6390.939941,6369.129883,6381.459961,16759800,not_influenced,6393.342421
9/27/2017,6420.259766,6435.689941,6415.319824,6419.470215,47706900,not_influenced,6439.737621
10/3/2017,6470.890137,6499.660156,6470.890137,6494.220215,38143500,not_influenced,6495.443353
10/4/2017,6482.609863,6520.410156,6482.609863,6507.089844,37458500,not_influenced,6507.194814
10/10/2017,6516.189941,6531.560059,6513.649902,6523.680176,38281300,not_influenced,6538.325186
10/13/2017,6625.589844,6647.870117,6621.560059,6632.299805,29626000,not_influenced,6646.52194
11/6/2017,6620.799805,6625.850098,6602.720215,6602.720215,10985600,not_influenced,6627.584034
11/14/2017,6513.609863,6514.660156,6457.799805,6457.899902,21373200,not_influenced,6482.275785
11/22/2017,6458.75,6475.72998,6454.959961,6464.439941,11698000,not_influenced,6479.404798
11/28/2017,6417.040039,6424.540039,6405.220215,6405.220215,8383400,not_influenced,6429.515541
12/1/2017,6403.259766,6416.930176,6400.819824,6411.839844,16378000,not_influenced,6425.121675
12/15/2017,6357.470215,6360.27002,6347.27002,6352.100098,16169500,not_influenced,6371.418915
12/20/2017,6325.25,6335.080078,6319.200195,6321.359863,13126100,not_influenced,6343.261921
12/26/2017,6324.350098,6358.600098,6321.580078,6350.299805,27936200,not_influenced,6345.683876
1/8/2018,6513.549805,6545.160156,6513.549805,6540.509766,108728700,not_influenced,6538.392696
1/16/2018,6472.490234,6477.310059,6447.609863,6447.609863,8916600,not_influenced,6472.027145
1/22/2018,6442.640137,6445.97998,6416.279785,6421.399902,8221800,not_influenced,6440.606213
1/26/2018,6446.790039,6462.77002,6438.390137,6456.040039,14102100,not_influenced,6462.793528
1/29/2018,6450.930176,6464.069824,6433.689941,6453.950195,0,not_influenced,6458.046342
2/15/2018,6520.359863,6553.209961,6520.359863,6553.209961,40137500,not_influenced,6545.058674
2/16/2018,6555.759766,6573.839844,6553.209961,6563.689941,32967600,not_influenced,6577.98521
2/23/2018,6570.359863,6579.279785,6556.75,6575.390137,25008000,not_influenced,6581.516358
3/5/2018,6565.870117,6566.72998,6545.5,6552.810059,19786500,not_influenced,6570.221885
3/21/2018,6463.77002,6464.47998,6437.540039,6445.970215,37813500,not_influenced,6461.99752
4/5/2018,6446.310059,6480.700195,6444.410156,6474.700195,30086700,not_influenced,6468.868782
4/12/2018,6451.120117,6483.919922,6451.120117,6483.919922,37217000,not_influenced,6475.614839
4/18/2018,6547.22998,6561.060059,6533.669922,6551.830078,8908700,not_influenced,6558.332202
4/20/2018,6530.319824,6543.22998,6528.569824,6540.970215,11798000,not_influenced,6553.22447
5/2/2018,6534.649902,6539.439941,6517.790039,6518.640137,32926600,not_influenced,6542.464349
5/3/2018,6519.259766,6532.97998,6507.689941,6523.879883,13494300,not_influenced,6532.289184
5/10/2018,6482.790039,6496.029785,6402.819824,6479.709961,47361700,not_influenced,6427.20121
6/7/2018,6401.069824,6401.830078,6362.609863,6363.620117,23571600,not_influenced,6386.820073
6/12/2018,6352.330078,6356.899902,6343.609863,6348.529785,15686600,not_influenced,6367.747187
6/20/2018,6262.540039,6277.049805,6216.029785,6217.910156,13588400,not_influenced,6239.798882
6/25/2018,6230.560059,6242.140137,6220.129883,6220.129883,8581400,not_influenced,6243.898721
7/3/2018,6128.620117,6129.490234,6079.02002,6081.080078,11541500,not_influenced,6102.394166
7/6/2018,6124.27002,6148.890137,6108.709961,6108.709961,21760200,not_influenced,6132.192989
7/10/2018,6079.370117,6091.890137,6071.640137,6077.370117,7789700,not_influenced,6094.984331
7/11/2018,6076.029785,6097.310059,6075.919922,6092.649902,0,not_influenced,6099.257736
7/16/2018,6139.709961,6147.629883,6126.109863,6130.620117,12905600,not_influenced,6149.621327
7/17/2018,6131.859863,6182.97998,6130.620117,6179.879883,16575300,not_influenced,6154.153168
8/3/2018,6135.879883,6143.899902,6125.689941,6143.899902,10662000,not_influenced,6149.194862
8/6/2018,6144.359863,6150.160156,6130.330078,6142.649902,9782300,not_influenced,6153.846114
8/8/2018,6118.529785,6129.22998,6104.649902,6120.689941,24085800,not_influenced,6128.126913
8/13/2018,6132.77002,6142.950195,6116.950195,6128.819824,13363400,not_influenced,6140.436672
8/23/2018,6048.330078,6055.759766,6035.970215,6055.759766,17347900,not_influenced,6059.235634
9/5/2018,6127.879883,6137.040039,6116.029785,6120.290039,9008700,not_influenced,6139.503263
9/14/2018,6060.439941,6060.680176,6031.259766,6031.259766,14717800,not_influenced,6054.505506
9/21/2018,5925.850098,5926.970215,5888.359863,5904.899902,25303700,not_influenced,5911.223989
9/25/2018,5903.669922,5904.899902,5832.930176,5833.580078,10352500,not_influenced,5855.60086
9/27/2018,5887.509766,5890.609863,5869.310059,5869.310059,13170200,not_influenced,5892.091033
11/1/2018,5952.439941,6122.819824,5952.439941,6114.129883,51501400,not_influenced,5975.548941
11/2/2018,6136.529785,6168.02002,6083.709961,6092.209961,42208900,not_influenced,6107.170547
11/14/2018,5965.660156,5993.540039,5930.390137,5947.359863,13057300,not_influenced,5953.34474
11/16/2018,5968.859863,5980.279785,5955.430176,5955.430176,19664900,not_influenced,5978.471816
12/4/2018,6025.200195,6025.200195,6001.700195,6011.680176,20962500,not_influenced,6024.87666
12/11/2018,6042.069824,6043.490234,6026.259766,6026.259766,13656000,not_influenced,6049.488741
12/31/2018,6010.169922,6056.160156,6009.919922,6052.370117,9052600,not_influenced,6033.091405
1/8/2019,6025.290039,6026.470215,5986.700195,5992.359863,17841900,not_influenced,6009.826518
1/16/2019,5971.910156,5986.529785,5962.22998,5973.339844,12782800,not_influenced,5985.274578
1/17/2019,5978.450195,5996.149902,5973.339844,5989.120117,11652300,not_influenced,5996.413378
2/5/2019,5983.25,5988,5981.649902,5981.649902,6278300,not_influenced,6004.734288
2/21/2019,5874.350098,5880.169922,5829.720215,5839.040039,34178800,not_influenced,5852.438543
2/25/2019,5840.359863,5842.100098,5804.100098,5826.259766,11976900,not_influenced,5826.692572
3/19/2019,5617.240234,5619.549805,5586.509766,5591.669922,6119900,not_influenced,5608.468792
3/22/2019,5573.990234,5573.990234,5536.970215,5540.049805,19747700,not_influenced,5558.820678
3/25/2019,5543.060059,5543.180176,5522.350098,5529.669922,4848600,not_influenced,5544.123429
3/27/2019,5513.810059,5519.47998,5500.109863,5511.77002,7160200,not_influenced,5521.825384
3/29/2019,5555.379883,5568.439941,5545.569824,5557.240234,9012000,not_influenced,5567.419185
4/1/2019,5555.25,5574.069824,5554.870117,5567.77002,6473400,not_influenced,5576.739906
4/2/2019,5564.930176,5578.430176,5562.709961,5578.430176,5081800,not_influenced,5584.598754
4/4/2019,5598.080078,5653.430176,5597.370117,5653.430176,14633200,not_influenced,5619.380352
4/11/2019,5585.040039,5590.330078,5576.109863,5576.109863,25374700,not_influenced,5598.085169
4/16/2019,5582.680176,5593.720215,5576.5,5591.830078,13989200,not_influenced,5598.449282
4/25/2019,5412.060059,5427.299805,5410.189941,5422.890137,10065400,not_influenced,5431.65638
4/30/2019,5445.620117,5478.410156,5443.310059,5478.410156,3455500,not_influenced,5464.855039
5/7/2019,5388.350098,5390.009766,5352.859863,5382.540039,10780700,not_influenced,5374.164785
5/9/2019,5371.060059,5374.859863,5349.040039,5352.200195,7675600,not_influenced,5370.326686
5/16/2019,5199.779785,5259.649902,5198.950195,5251.790039,11527000,not_influenced,5219.818708
5/23/2019,5292.490234,5312.470215,5292.350098,5305.799805,6872500,not_influenced,5313.473432
6/10/2019,5298.5,5328.100098,5291,5323.069824,6630200,not_influenced,5312.118913
6/12/2019,5336.430176,5382.100098,5335.290039,5378.72998,12980300,not_influenced,5356.550181
6/21/2019,5373.189941,5385.160156,5360.640137,5363.5,36535600,not_influenced,5382.02859
7/3/2019,5391.660156,5420.060059,5390.319824,5411.549805,28861200,not_influenced,5411.774486
7/15/2019,5567.680176,5590.859863,5565.629883,5587.359863,2556952500,not_influenced,5593.608674
7/19/2019,5699.680176,5724.129883,5695.689941,5715.140137,73393100,not_influenced,5718.120135
7/25/2019,5750.47998,5820.399902,5745.970215,5794.660156,48702800,not_influenced,5768.484717
7/26/2019,5798.680176,5884.959961,5794.660156,5872.890137,49135400,not_influenced,5817.314311
8/28/2019,5910.790039,5924.839844,5908.930176,5910.919922,32023900,not_influenced,5931.868883
9/6/2019,5845.669922,5850.25,5787.950195,5798.569824,41263300,not_influenced,5810.566486
9/18/2019,5808.22998,5816.290039,5802.100098,5807.509766,20155000,not_influenced,5824.706368
9/19/2019,5811.430176,5833.540039,5807.509766,5811.040039,16338900,not_influenced,5830.122343
9/24/2019,5778.779785,5779.580078,5738.100098,5743.540039,18625900,not_influenced,5760.520513
10/2/2019,5738.75,5738.779785,5693.410156,5697.930176,13301400,not_influenced,5715.690648
10/3/2019,5696.879883,5697.930176,5667.430176,5677.5,14378700,not_influenced,5689.639269
10/4/2019,5677.919922,5690.439941,5673.390137,5689.899902,8491200,not_influenced,5695.602167
10/15/2019,5870.02002,5876.209961,5830.450195,5840.47998,37488500,not_influenced,5853.178489
10/17/2019,5837.890137,5865.009766,5836.620117,5860.089844,20712300,not_influenced,5859.325996
11/14/2019,5993.160156,6003.22998,5976.790039,5980.069824,22913200,not_influenced,5999.900233
11/15/2019,5983.850098,6025.549805,5977.600098,6023.02002,59716400,not_influenced,6000.800309
12/4/2019,6217.27002,6228.680176,6205,6206.399902,35248200,not_influenced,6228.789315
12/5/2019,6206.850098,6214.669922,6160.879883,6160.879883,67432900,not_influenced,6184.62029
12/13/2019,6101.290039,6110.930176,6088.589844,6089.669922,12879500,not_influenced,6111.994425
12/23/2019,6046.850098,6048.669922,6031.810059,6031.810059,13051700,not_influenced,6055.053395
12/27/2019,6088.75,6122.640137,6086.689941,6122.640137,24215100,not_influenced,6110.116128
12/30/2019,6130.100098,6157.990234,6122.640137,6156,48089000,not_influenced,6146.225572
1/8/2020,6028.080078,6032.720215,5895.97998,5898.839844,50444100,not_influenced,5918.925717
1/13/2020,5981.290039,6008.890137,5980.669922,5980.669922,58323000,not_influenced,6003.875552
1/14/2020,5982.089844,5994.700195,5965.700195,5968.629883,16363200,not_influenced,5988.763206
1/27/2020,5991.419922,5992.919922,5931.189941,5934.629883,14464800,not_influenced,5954.150175
2/11/2020,5934.950195,5940.120117,5897.799805,5899.060059,13053800,not_influenced,5920.661613
2/12/2020,5896.080078,5899.060059,5877.390137,5878.439941,16720500,not_influenced,5900.202576
2/19/2020,5843.379883,5857.240234,5831.009766,5847.830078,10979900,not_influenced,5853.676477
2/24/2020,5833.350098,5840.689941,5795.859863,5797.299805,12749100,not_influenced,5818.430717
2/26/2020,5729.049805,5732.740234,5641.919922,5643.620117,12951000,not_influenced,5664.052984
2/27/2020,5646.419922,5694.790039,5643.620117,5667.870117,15997000,not_influenced,5665.765278
5/13/2020,4283.069824,4419.450195,4247.950195,4367.25,42567600,not_influenced,4266.185145
5/14/2020,4387.089844,4426.97998,4367.25,4393.540039,85087600,not_influenced,4385.925937
5/15/2020,4407.620117,4457.040039,4393.540039,4439.040039,26061100,not_influenced,4412.150151
5/21/2020,4692.990234,4807.089844,4655.220215,4784.799805,51836600,not_influenced,4674.636771
6/3/2020,4789.169922,4799.200195,4775.970215,4782.430176,49183000,not_influenced,4795.724228
6/4/2020,4777.740234,4806.75,4773.129883,4781.029785,14788000,not_influenced,4792.793838
6/11/2020,4931.140137,4952.080078,4909.140137,4917.240234,40475500,not_influenced,4929.252539
6/17/2020,4932.700195,4983.339844,4915.560059,4958.240234,80815000,not_influenced,4935.786877
6/26/2020,5155.120117,5163.350098,5128.549805,5163.350098,47193600,not_influenced,5149.302887
6/30/2020,5165.370117,5165.370117,5134.189941,5149.569824,42643300,not_influenced,5154.948236
7/6/2020,5052.490234,5085.640137,5031.759766,5075.899902,40913100,not_influenced,5052.222314
7/20/2020,4999.680176,5039.680176,4988.5,5038.850098,102784200,not_influenced,5008.986838
7/27/2020,5084.47998,5112.47998,5065.299805,5105.120117,72039700,not_influenced,5085.932025
8/10/2020,5177.72998,5179.430176,5140,5150.75,76292800,not_influenced,5160.855031
9/4/2020,5352.939941,5356.390137,5301.419922,5311.419922,53063900,not_influenced,5322.679163
9/15/2020,5507.930176,5547.5,5490.600098,5533.689941,157433400,not_influenced,5512.646679
9/23/2020,5803.890137,5804.47998,5738.870117,5772.100098,158313400,not_influenced,5761.625632
9/29/2020,6028.839844,6031.629883,5936.850098,5993.549805,163082600,not_influenced,5960.180637
10/2/2020,5997.959961,6075.27002,5984.839844,6050.169922,215056500,not_influenced,6008.430877
10/6/2020,5482.870117,5760.009766,5390.810059,5534.609863,163318900,not_influenced,5412.58656
10/7/2020,5508.740234,5611.990234,5499.689941,5553.220215,113516000,not_influenced,5521.657737
10/9/2020,5754.879883,5832.370117,5724.540039,5798.720215,214035700,not_influenced,5747.387554
10/14/2020,5818.629883,5920.220215,5796.220215,5890.129883,465276300,not_influenced,5819.87057
10/19/2020,5973.120117,5987.660156,5945.790039,5946.080078,139862000,not_influenced,5969.09069
10/20/2020,5962.080078,5966.27002,5905.879883,5934.22998,107814100,not_influenced,5928.990531
10/22/2020,5647.859863,5796.430176,5613.620117,5771.890137,147099600,not_influenced,5635.992314
10/23/2020,5828.069824,5862.560059,5768.939941,5768.939941,104996100,not_influenced,5791.653999
10/27/2020,5673.919922,5707.660156,5669.330078,5680.279785,55270200,not_influenced,5691.642034
11/3/2020,5733.419922,5857.509766,5713.580078,5843.27002,168978900,not_influenced,5736.289009
12/7/2020,6410.220215,6484.879883,6397.560059,6473.759766,213473300,not_influenced,6422.322352
12/10/2020,6630.220215,6635.740234,6590.25,6609.390137,476725100,not_influenced,6616.188278
12/18/2020,6629,6645.399902,6610.779785,6616.950195,116520100,not_influenced,6635.918063
12/30/2020,6720.02002,6749.120117,6704.890137,6748.009766,146279600,not_influenced,6730.367275
1/7/2021,7061.680176,7114.299805,7036.759766,7097.839844,1035470600,not_influenced,7065.300895
1/12/2021,7238.850098,7312.959961,7203.629883,7282.240234,544960700,not_influenced,7231.477102
1/19/2021,8008,8023.140137,7752.060059,7808.970215,690058500,not_influenced,7781.814485
1/27/2021,8763.490234,8865.530273,8665.820313,8812.009766,497394800,not_influenced,8697.717094
1/29/2021,8975.730469,9025.820313,8622.530273,8668.070313,335958400,not_influenced,8653.919066
2/1/2021,8714.990234,8758.980469,8521.419922,8567.070313,868086100,not_influenced,8553.78903
2/8/2021,8346.849609,8354.259766,8113.259766,8113.259766,142751900,not_influenced,8142.738188
2/23/2021,7591.939941,7597.509766,7287.950195,7329.209961,134413700,not_influenced,7315.059052
2/24/2021,7311.680176,7439.22998,7309.379883,7371.859863,75740800,not_influenced,7336.40992
2/25/2021,7401.680176,7504.290039,7371.859863,7476.339844,100956900,not_influenced,7399.127879
3/15/2021,7266.830078,7275.77002,7158.100098,7160.410156,31507300,not_influenced,7184.594017
3/22/2021,6861.290039,6971.549805,6854.319824,6966.709961,41921500,not_influenced,6879.973686
3/23/2021,6994.75,7002.370117,6912.459961,6979.290039,29670900,not_influenced,6938.250155
3/24/2021,6920.209961,7144.77002,6914.97998,7135.839844,67408200,not_influenced,6940.867285
3/31/2021,7108.990234,7127.220215,7089.589844,7121.279785,45137900,not_influenced,7115.921196
4/7/2021,7307.47998,7377.629883,7280.27002,7310.259766,97746200,not_influenced,7307.269624
4/8/2021,7312.720215,7428.089844,7283.109863,7412.459961,150560700,not_influenced,7310.243421
5/3/2021,7202.810059,7236.680176,7194.850098,7215.600098,209536500,not_influenced,7221.872929
5/25/2021,7238.140137,7286.439941,7233.580078,7278.240234,51290700,not_influenced,7260.33604
6/9/2021,7545.509766,7575.040039,7540.359863,7564.259766,83997900,not_influenced,7568.067189
6/10/2021,7569.700195,7621.129883,7564.259766,7601.160156,140885200,not_influenced,7592.170712
6/23/2021,7728.580078,7766.629883,7634.779785,7742.140137,62235200,not_influenced,7662.704064
7/2/2021,7733.040039,7762.839844,7630.370117,7746.560059,53021600,not_influenced,7658.259883
7/13/2021,7883.779785,7926.02002,7866.470215,7913.470215,122783900,not_influenced,7895.198428
7/26/2021,8160.189941,8218.669922,8112.169922,8122.72998,153156200,not_influenced,8141.670037
7/29/2021,8108.109863,8147.209961,8096.97998,8140.759766,142315200,not_influenced,8126.411012
8/20/2021,8260.080078,8315.230469,8207.549805,8240.05957,22538260000,not_influenced,8290.670234
8/25/2021,8667.950195,8944.019531,8663.110352,8756.629883,28785340000,not_influenced,8762.415986
8/27/2021,8920.709961,9079.740234,8874.69043,8931.330078,64861220000,not_influenced,9060.575419
9/1/2021,8997.599609,9201.580078,8997.599609,9163.129883,48416580000,not_influenced,9144.643231
9/3/2021,9335.980469,9425.620117,9296.30957,9316.650391,63985910000,not_influenced,9481.308866
